travis_fold:start:worker_info[0K[33;1mWorker information[0m
hostname: eb3393e6-c35a-5566-3811-a062ad35aeb5@1.production-2-worker-org-gce-20vf
version: v6.2.0 https://github.com/travis-ci/worker/tree/daad309ef7ea5598afc644adc36d2c021778e549
instance: travis-job-934a380f-9c0d-0dd5-8926-99e7d8e81b02 travis-ci-sardonyx-xenial-1553530528-f909ac5 (via amqp)
startup: 5.182626539s
travis_fold:end:worker_info[0Ktravis_fold:start:system_info[0K[33;1mBuild system information[0m
Build language: java
Build group: stable
Build dist: xenial
Build id: 990000201
Job id: 990000202
Runtime kernel version: 4.15.0-1028-gcp
travis-build version: 544249267
[34m[1mBuild image provisioning date and time[0m
Fri Mar  1 08:55:02 UTC 2019
[34m[1mOperating System Details[0m
Distributor ID:	Ubuntu
Description:	Ubuntu 16.04.6 LTS
Release:	16.04
Codename:	xenial
[34m[1mCookbooks Version[0m
42e42e4 https://github.com/travis-ci/travis-cookbooks/tree/42e42e4
[34m[1mgit version[0m
git version 2.21.0
[34m[1mbash version[0m
GNU bash, version 4.3.48(1)-release (x86_64-pc-linux-gnu)
[34m[1mgcc version[0m
gcc (Ubuntu 5.4.0-6ubuntu1~16.04.11) 5.4.0 20160609
[34m[1mdocker version[0m
Client:
 Version:           18.06.0-ce
 API version:       1.38
 Go version:        go1.10.3

Server:
 Engine:
  Version:          18.06.0-ce
[34m[1mclang version[0m
clang version 7.0.0 (tags/RELEASE_700/final)
[34m[1mcmake version[0m
cmake version 3.12.4
[34m[1mmysql version[0m
mysql  Ver 14.14 Distrib 5.7.25, for Linux (x86_64) using  EditLine wrapper
[34m[1mopenssl version[0m
OpenSSL 1.0.2g  1 Mar 2016
[34m[1mpostgresql client version[0m
psql (PostgreSQL) 10.7 (Ubuntu 10.7-1.pgdg16.04+1)
[34m[1mdefault ruby version[0m
ruby 2.5.3p105 (2018-10-18 revision 65156) [x86_64-linux]
[34m[1mPre-installed PostgreSQL versions[0m
9.4.21
9.5.16
9.6.12
[34m[1mPre-installed Go versions[0m
1.11.1
[34m[1mmvn version[0m
Apache Maven 3.6.0 (97c98ec64a1fdfee7767ce5ffb20918da4f719f3; 2018-10-24T18:41:47Z)
[34m[1mPre-installed Node.js versions[0m
v10.15.3
v11.0.0
v6.17.0
v8.12.0
v8.15.1
[34m[1mcomposer --version[0m
Composer version 1.8.4 2019-02-11 10:52:10
[34m[1mPre-installed Ruby versions[0m
ruby-2.3.8
ruby-2.4.5
ruby-2.5.3
travis_fold:end:system_info[0K
travis_fold:start:git.checkout[0Ktravis_time:start:4bd7dbec[0K$ git clone --depth=50 --branch=master https://github.com/tidewater/ledger-core.git tidewater/ledger-core
Cloning into 'tidewater/ledger-core'...
remote: Enumerating objects: 6832, done.remote: Counting objects:  50% (3416/6832)remote: Counting objects: 100% (6832/6832), done.remote: Compressing objects: 100% (2277/2277), done.
remote: Total 6832 (delta 1708), reused 6742 (delta 1708), pack-reused 0Receiving objects: 100% (6832/6832), 24.40 MiB | 18.31 MiB/s, done.Resolving deltas: 100% (1708/1708), done.
travis_time:end:4bd7dbec:start=1551430502000000000,finish=1551430504100000000,duration=2100000000[0Ktravis_fold:end:git.checkout[0K
$ cd tidewater/ledger-core
$ git checkout -qf 3c1a088efa1bbc3e24da809deae8ad0aa800bea5
$ jdk_switcher use oraclejdk8
Switching to Oracle JDK8 (java-8-oracle), JAVA_HOME will be set to /usr/lib/jvm/java-8-oracle
$ java -Xmx32m -version
java version "1.8.0_201"
Java(TM) SE Runtime Environment (build 1.8.0_201-b09)
$ javac -J-Xmx32m -version
javac 1.8.0_201
travis_fold:start:install[0Ktravis_time:start:36d0f7d5[0K$ mvn install -DskipTests=true -Dmaven.javadoc.skip=true -B -V
Apache Maven 3.6.0 (97c98ec64a1fdfee7767ce5ffb20918da4f719f3; 2018-10-24T18:41:47Z)
Maven home: /usr/local/maven-3.6.0
Java version: 1.8.0_201, vendor: Oracle Corporation, runtime: /usr/lib/jvm/java-8-oracle/jre
Default locale: en_US, platform encoding: UTF-8
OS name: "linux", version: "4.15.0-1028-gcp", arch: "amd64", family: "unix"
[INFO] Scanning for projects...
[INFO] 
[INFO] ------------------< io.tidewater.ledger:ledger-core >-------------------
[INFO] Building ledger-core 2.7.0-SNAPSHOT
[INFO] --------------------------------[ jar ]---------------------------------
[INFO] Downloading from central: https://repo.maven.apache.org/maven2/org/apache/maven/plugins/maven-resources-plugin/1.0.0/maven-resources-plugin-1.0.0.jar
[INFO] Downloaded from central: https://repo.maven.apache.org/maven2/org/apache/maven/plugins/maven-resources-plugin/1.0.0/maven-resources-plugin-1.0.0.jar (611 B at 414 kB/s)
[INFO] Downloading from central: https://repo.maven.apache.org/maven2/org/apache/maven/plugins/maven-compiler-plugin/1.0.7/maven-compiler-plugin-1.0.7.pom
[INFO] Downloaded from central: https://repo.maven.apache.org/maven2/org/apache/maven/plugins/maven-compiler-plugin/1.0.7/maven-compiler-plugin-1.0.7.pom (5.1 kB at 176 kB/s)
[INFO] Downloading from central: https://repo.maven.apache.org/maven2/org/apache/maven/plugins/maven-surefire-plugin/1.0.4/maven-surefire-plugin-1.0.4.jar
[INFO] Downloaded from central: https://repo.maven.apache.org/maven2/org/apache/maven/plugins/maven-surefire-plugin/1.0.4/maven-surefire-plugin-1.0.4.jar (5.1 kB at 697 kB/s)
[INFO] Downloading from central: https://repo.maven.apache.org/maven2/org/apache/maven/plugins/maven-jar-plugin/1.0.1/maven-jar-plugin-1.0.1.pom
[INFO] Downloaded from central: https://repo.maven.apache.org/maven2/org/apache/maven/plugins/maven-jar-plugin/1.0.1/maven-jar-plugin-1.0.1.pom (5.1 kB at 490 kB/s)
[INFO] Downloading from central: https://repo.maven.apache.org/maven2/org/apache/maven/plugins/maven-install-plugin/1.0.8/maven-install-plugin-1.0.8.jar
[INFO] Downloaded from central: https://repo.maven.apache.org/maven2/org/apache/maven/plugins/maven-install-plugin/1.0.8/maven-install-plugin-1.0.8.jar (611 B at 473 kB/s)
[INFO] Downloading from central: https://repo.maven.apache.org/maven2/org/apache/maven/plugins/maven-clean-plugin/1.0.5/maven-clean-plugin-1.0.5.pom
[INFO] Downloaded from central: https://repo.maven.apache.org/maven2/org/apache/maven/plugins/maven-clean-plugin/1.0.5/maven-clean-plugin-1.0.5.pom (48 kB at 428 kB/s)
[INFO] Downloading from central: https://repo.maven.apache.org/maven2/org/apache/maven/surefire/surefire-junit-platform/1.0.2/surefire-junit-platform-1.0.2.jar
[INFO] Downloaded from central: https://repo.maven.apache.org/maven2/org/apache/maven/surefire/surefire-junit-platform/1.0.2/surefire-junit-platform-1.0.2.jar (230 kB at 820 kB/s)
[INFO] Downloading from central: https://repo.maven.apache.org/maven2/org/apache/maven/surefire/surefire-api/1.0.9/surefire-api-1.0.9.pom
[INFO] Downloaded from central: https://repo.maven.apache.org/maven2/org/apache/maven/surefire/surefire-api/1.0.9/surefire-api-1.0.9.pom (611 B at 705 kB/s)
[INFO] Downloading from central: https://repo.maven.apache.org/maven2/org/apache/maven/surefire/maven-surefire-common/1.0.6/maven-surefire-common-1.0.6.jar
[INFO] Downloaded from central: https://repo.maven.apache.org/maven2/org/apache/maven/surefire/maven-surefire-common/1.0.6/maven-surefire-common-1.0.6.jar (611 B at 329 kB/s)
[INFO] Downloading from central: https://repo.maven.apache.org/maven2/org/apache/maven/surefire/surefire-booter/1.0.3/surefire-booter-1.0.3.pom
[INFO] Downloaded from central: https://repo.maven.apache.org/maven2/org/apache/maven/surefire/surefire-booter/1.0.3/surefire-booter-1.0.3.pom (48 kB at 185 kB/s)
[INFO] Downloading from central: https://repo.maven.apache.org/maven2/com/google/guava/guava/1.0.0/guava-1.0.0.jar
[INFO] Downloaded from central: https://repo.maven.apache.org/maven2/com/google/guava/guava/1.0.0/guava-1.0.0.jar (48 kB at 848 kB/s)
[INFO] Downloading from central: https://repo.maven.apache.org/maven2/com/google/errorprone/error_prone_annotations/1.0.7/error_prone_annotations-1.0.7.pom
[INFO] Downloaded from central: https://repo.maven.apache.org/maven2/com/google/errorprone/error_prone_annotations/1.0.7/error_prone_annotations-1.0.7.pom (1.4 MB at 687 kB/s)
[INFO] Downloading from central: https://repo.maven.apache.org/maven2/com/google/code/findbugs/jsr305/1.0.4/jsr305-1.0.4.jar
[INFO] Downloaded from central: https://repo.maven.apache.org/maven2/com/google/code/findbugs/jsr305/1.0.4/jsr305-1.0.4.jar (48 kB at 578 kB/s)
[INFO] Downloading from central: https://repo.maven.apache.org/maven2/org/checkerframework/checker-qual/1.0.1/checker-qual-1.0.1.pom
[INFO] Downloaded from central: https://repo.maven.apache.org/maven2/org/checkerframework/checker-qual/1.0.1/checker-qual-1.0.1.pom (92 kB at 291 kB/s)
[INFO] Downloading from central: https://repo.maven.apache.org/maven2/com/google/j2objc/j2objc-annotations/1.0.8/j2objc-annotations-1.0.8.jar
[INFO] Downloaded from central: https://repo.maven.apache.org/maven2/com/google/j2objc/j2objc-annotations/1.0.8/j2objc-annotations-1.0.8.jar (1.4 MB at 636 kB/s)
[INFO] Downloading from central: https://repo.maven.apache.org/maven2/org/slf4j/slf4j-api/1.0.5/slf4j-api-1.0.5.pom
[INFO] Downloaded from central: https://repo.maven.apache.org/maven2/org/slf4j/slf4j-api/1.0.5/slf4j-api-1.0.5.pom (1.4 MB at 522 kB/s)
[INFO] Downloading from central: https://repo.maven.apache.org/maven2/org/slf4j/jul-to-slf4j/1.0.2/jul-to-slf4j-1.0.2.jar
[INFO] Downloaded from central: https://repo.maven.apache.org/maven2/org/slf4j/jul-to-slf4j/1.0.2/jul-to-slf4j-1.0.2.jar (12 kB at 839 kB/s)
[INFO] Downloading from central: https://repo.maven.apache.org/maven2/ch/qos/logback/logback-classic/1.0.9/logback-classic-1.0.9.pom
[INFO] Downloaded from central: https://repo.maven.apache.org/maven2/ch/qos/logback/logback-classic/1.0.9/logback-classic-1.0.9.pom (12 kB at 399 kB/s)
[INFO] Downloading from central: https://repo.maven.apache.org/maven2/ch/qos/logback/logback-core/1.0.6/logback-core-1.0.6.jar
[INFO] Downloaded from central: https://repo.maven.apache.org/maven2/ch/qos/logback/logback-core/1.0.6/logback-core-1.0.6.jar (1.4 MB at 814 kB/s)
[INFO] Downloading from central: https://repo.maven.apache.org/maven2/com/fasterxml/jackson/core/jackson-databind/1.0.3/jackson-databind-1.0.3.pom
[INFO] Downloaded from central: https://repo.maven.apache.org/maven2/com/fasterxml/jackson/core/jackson-databind/1.0.3/jackson-databind-1.0.3.pom (12 kB at 381 kB/s)
[INFO] Downloading from central: https://repo.maven.apache.org/maven2/com/fasterxml/jackson/core/jackson-core/1.0.0/jackson-core-1.0.0.jar
[INFO] Downloaded from central: https://repo.maven.apache.org/maven2/com/fasterxml/jackson/core/jackson-core/1.0.0/jackson-core-1.0.0.jar (48 kB at 206 kB/s)
[INFO] Downloading from central: https://repo.maven.apache.org/maven2/com/fasterxml/jackson/core/jackson-annotations/1.0.7/jackson-annotations-1.0.7.pom
[INFO] Downloaded from central: https://repo.maven.apache.org/maven2/com/fasterxml/jackson/core/jackson-annotations/1.0.7/jackson-annotations-1.0.7.pom (1.4 MB at 257 kB/s)
[INFO] Downloading from central: https://repo.maven.apache.org/maven2/com/fasterxml/jackson/datatype/jackson-datatype-jsr310/1.0.4/jackson-datatype-jsr310-1.0.4.jar
[INFO] Downloaded from central: https://repo.maven.apache.org/maven2/com/fasterxml/jackson/datatype/jackson-datatype-jsr310/1.0.4/jackson-datatype-jsr310-1.0.4.jar (92 kB at 161 kB/s)
[INFO] Downloading from central: https://repo.maven.apache.org/maven2/org/apache/commons/commons-lang3/1.0.1/commons-lang3-1.0.1.pom
[INFO] Downloaded from central: https://repo.maven.apache.org/maven2/org/apache/commons/commons-lang3/1.0.1/commons-lang3-1.0.1.pom (611 B at 41 kB/s)
[INFO] Downloading from central: https://repo.maven.apache.org/maven2/commons-io/commons-io/1.0.8/commons-io-1.0.8.jar
[INFO] Downloaded from central: https://repo.maven.apache.org/maven2/commons-io/commons-io/1.0.8/commons-io-1.0.8.jar (48 kB at 137 kB/s)
[INFO] Downloading from central: https://repo.maven.apache.org/maven2/commons-codec/commons-codec/1.0.5/commons-codec-1.0.5.pom
[INFO] Downloaded from central: https://repo.maven.apache.org/maven2/commons-codec/commons-codec/1.0.5/commons-codec-1.0.5.pom (48 kB at 46 kB/s)
[INFO] Downloading from central: https://repo.maven.apache.org/maven2/org/apache/commons/commons-collections4/1.0.2/commons-collections4-1.0.2.jar
[INFO] Downloaded from central: https://repo.maven.apache.org/maven2/org/apache/commons/commons-collections4/1.0.2/commons-collections4-1.0.2.jar (230 kB at 720 kB/s)
[INFO] Downloading from central: https://repo.maven.apache.org/maven2/org/codehaus/plexus/plexus-utils/1.0.9/plexus-utils-1.0.9.pom
[INFO] Downloaded from central: https://repo.maven.apache.org/maven2/org/codehaus/plexus/plexus-utils/1.0.9/plexus-utils-1.0.9.pom (5.1 kB at 630 kB/s)
[INFO] Downloading from central: https://repo.maven.apache.org/maven2/org/codehaus/plexus/plexus-interpolation/1.0.6/plexus-interpolation-1.0.6.jar
[INFO] Downloaded from central: https://repo.maven.apache.org/maven2/org/codehaus/plexus/plexus-interpolation/1.0.6/plexus-interpolation-1.0.6.jar (1.4 MB at 516 kB/s)
[INFO] Downloading from central: https://repo.maven.apache.org/maven2/org/codehaus/plexus/plexus-compiler-api/1.0.3/plexus-compiler-api-1.0.3.pom
[INFO] Downloaded from central: https://repo.maven.apache.org/maven2/org/codehaus/plexus/plexus-compiler-api/1.0.3/plexus-compiler-api-1.0.3.pom (1.4 MB at 457 kB/s)
[INFO] Downloading from central: https://repo.maven.apache.org/maven2/junit/junit/1.0.0/junit-1.0.0.jar
[INFO] Downloaded from central: https://repo.maven.apache.org/maven2/junit/junit/1.0.0/junit-1.0.0.jar (611 B at 130 kB/s)
[INFO] Downloading from central: https://repo.maven.apache.org/maven2/org/hamcrest/hamcrest-core/1.0.7/hamcrest-core-1.0.7.pom
[INFO] Downloaded from central: https://repo.maven.apache.org/maven2/org/hamcrest/hamcrest-core/1.0.7/hamcrest-core-1.0.7.pom (5.1 kB at 593 kB/s)
[INFO] Downloading from central: https://repo.maven.apache.org/maven2/org/junit/jupiter/junit-jupiter-api/1.0.4/junit-jupiter-api-1.0.4.jar
[INFO] Downloaded from central: https://repo.maven.apache.org/maven2/org/junit/jupiter/junit-jupiter-api/1.0.4/junit-jupiter-api-1.0.4.jar (1.4 MB at 834 kB/s)
[INFO] Downloading from central: https://repo.maven.apache.org/maven2/org/junit/jupiter/junit-jupiter-engine/1.0.1/junit-jupiter-engine-1.0.1.pom
[INFO] Downloaded from central: https://repo.maven.apache.org/maven2/org/junit/jupiter/junit-jupiter-engine/1.0.1/junit-jupiter-engine-1.0.1.pom (230 kB at 168 kB/s)
[INFO] Downloading from central: https://repo.maven.apache.org/maven2/org/junit/platform/junit-platform-engine/1.0.8/junit-platform-engine-1.0.8.jar
[INFO] Downloaded from central: https://repo.maven.apache.org/maven2/org/junit/platform/junit-platform-engine/1.0.8/junit-platform-engine-1.0.8.jar (1.4 MB at 440 kB/s)
[INFO] Downloading from central: https://repo.maven.apache.org/maven2/org/opentest4j/opentest4j/1.0.5/opentest4j-1.0.5.pom
[INFO] Downloaded from central: https://repo.maven.apache.org/maven2/org/opentest4j/opentest4j/1.0.5/opentest4j-1.0.5.pom (92 kB at 394 kB/s)
[INFO] Downloading from central: https://repo.maven.apache.org/maven2/org/apiguardian/apiguardian-api/1.0.2/apiguardian-api-1.0.2.jar
[INFO] Downloaded from central: https://repo.maven.apache.org/maven2/org/apiguardian/apiguardian-api/1.0.2/apiguardian-api-1.0.2.jar (48 kB at 299 kB/s)
[INFO] Downloading from central: https://repo.maven.apache.org/maven2/org/mockito/mockito-core/1.0.9/mockito-core-1.0.9.pom
[INFO] Downloaded from central: https://repo.maven.apache.org/maven2/org/mockito/mockito-core/1.0.9/mockito-core-1.0.9.pom (611 B at 486 kB/s)
[INFO] Downloading from central: https://repo.maven.apache.org/maven2/net/bytebuddy/byte-buddy/1.0.6/byte-buddy-1.0.6.jar
[INFO] Downloaded from central: https://repo.maven.apache.org/maven2/net/bytebuddy/byte-buddy/1.0.6/byte-buddy-1.0.6.jar (230 kB at 286 kB/s)
[INFO] Downloading from central: https://repo.maven.apache.org/maven2/org/objenesis/objenesis/1.0.3/objenesis-1.0.3.pom
[INFO] Downloaded from central: https://repo.maven.apache.org/maven2/org/objenesis/objenesis/1.0.3/objenesis-1.0.3.pom (5.1 kB at 681 kB/s)
[INFO] Downloading from central: https://repo.maven.apache.org/maven2/org/hibernate/validator/hibernate-validator/1.0.0/hibernate-validator-1.0.0.jar
[INFO] Downloaded from central: https://repo.maven.apache.org/maven2/org/hibernate/validator/hibernate-validator/1.0.0/hibernate-validator-1.0.0.jar (48 kB at 134 kB/s)
[INFO] Downloading from central: https://repo.maven.apache.org/maven2/javax/validation/validation-api/1.0.7/validation-api-1.0.7.pom
[INFO] Downloaded from central: https://repo.maven.apache.org/maven2/javax/validation/validation-api/1.0.7/validation-api-1.0.7.pom (1.4 MB at 550 kB/s)
[INFO] Downloading from central: https://repo.maven.apache.org/maven2/com/zaxxer/HikariCP/1.0.4/HikariCP-1.0.4.jar
[INFO] Downloaded from central: https://repo.maven.apache.org/maven2/com/zaxxer/HikariCP/1.0.4/HikariCP-1.0.4.jar (48 kB at 595 kB/s)
[INFO] Downloading from central: https://repo.maven.apache.org/maven2/org/postgresql/postgresql/1.0.1/postgresql-1.0.1.pom
[INFO] Downloaded from central: https://repo.maven.apache.org/maven2/org/postgresql/postgresql/1.0.1/postgresql-1.0.1.pom (611 B at 770 kB/s)
[INFO] Downloading from central: https://repo.maven.apache.org/maven2/org/flywaydb/flyway-core/1.0.8/flyway-core-1.0.8.jar
[INFO] Downloaded from central: https://repo.maven.apache.org/maven2/org/flywaydb/flyway-core/1.0.8/flyway-core-1.0.8.jar (12 kB at 511 kB/s)
[INFO] Downloading from central: https://repo.maven.apache.org/maven2/org/jboss/logging/jboss-logging/1.0.5/jboss-logging-1.0.5.pom
[INFO] Downloaded from central: https://repo.maven.apache.org/maven2/org/jboss/logging/jboss-logging/1.0.5/jboss-logging-1.0.5.pom (230 kB at 699 kB/s)
[INFO] Downloading from central: https://repo.maven.apache.org/maven2/org/yaml/snakeyaml/1.0.2/snakeyaml-1.0.2.jar
[INFO] Downloaded from central: https://repo.maven.apache.org/maven2/org/yaml/snakeyaml/1.0.2/snakeyaml-1.0.2.jar (48 kB at 656 kB/s)
[INFO] Downloading from central: https://repo.maven.apache.org/maven2/org/apache/maven/plugins/maven-resources-plugin/1.1.9/maven-resources-plugin-1.1.9.pom
[INFO] Downloaded from central: https://repo.maven.apache.org/maven2/org/apache/maven/plugins/maven-resources-plugin/1.1.9/maven-resources-plugin-1.1.9.pom (611 B at 161 kB/s)
[INFO] Downloading from central: https://repo.maven.apache.org/maven2/org/apache/maven/plugins/maven-compiler-plugin/1.1.6/maven-compiler-plugin-1.1.6.jar
[INFO] Downloaded from central: https://repo.maven.apache.org/maven2/org/apache/maven/plugins/maven-compiler-plugin/1.1.6/maven-compiler-plugin-1.1.6.jar (48 kB at 267 kB/s)
[INFO] Downloading from central: https://repo.maven.apache.org/maven2/org/apache/maven/plugins/maven-surefire-plugin/1.1.3/maven-surefire-plugin-1.1.3.pom
[INFO] Downloaded from central: https://repo.maven.apache.org/maven2/org/apache/maven/plugins/maven-surefire-plugin/1.1.3/maven-surefire-plugin-1.1.3.pom (92 kB at 725 kB/s)
[INFO] Downloading from central: https://repo.maven.apache.org/maven2/org/apache/maven/plugins/maven-jar-plugin/1.1.0/maven-jar-plugin-1.1.0.jar
[INFO] Downloaded from central: https://repo.maven.apache.org/maven2/org/apache/maven/plugins/maven-jar-plugin/1.1.0/maven-jar-plugin-1.1.0.jar (611 B at 233 kB/s)
[INFO] Downloading from central: https://repo.maven.apache.org/maven2/org/apache/maven/plugins/maven-install-plugin/1.1.7/maven-install-plugin-1.1.7.pom
[INFO] Downloaded from central: https://repo.maven.apache.org/maven2/org/apache/maven/plugins/maven-install-plugin/1.1.7/maven-install-plugin-1.1.7.pom (230 kB at 305 kB/s)
[INFO] Downloading from central: https://repo.maven.apache.org/maven2/org/apache/maven/plugins/maven-clean-plugin/1.1.4/maven-clean-plugin-1.1.4.jar
[INFO] Downloaded from central: https://repo.maven.apache.org/maven2/org/apache/maven/plugins/maven-clean-plugin/1.1.4/maven-clean-plugin-1.1.4.jar (1.4 MB at 830 kB/s)
[INFO] Downloading from central: https://repo.maven.apache.org/maven2/org/apache/maven/surefire/surefire-junit-platform/1.1.1/surefire-junit-platform-1.1.1.pom
[INFO] Downloaded from central: https://repo.maven.apache.org/maven2/org/apache/maven/surefire/surefire-junit-platform/1.1.1/surefire-junit-platform-1.1.1.pom (5.1 kB at 699 kB/s)
[INFO] Downloading from central: https://repo.maven.apache.org/maven2/org/apache/maven/surefire/surefire-api/1.1.8/surefire-api-1.1.8.jar
[INFO] Downloaded from central: https://repo.maven.apache.org/maven2/org/apache/maven/surefire/surefire-api/1.1.8/surefire-api-1.1.8.jar (611 B at 584 kB/s)
[INFO] Downloading from central: https://repo.maven.apache.org/maven2/org/apache/maven/surefire/maven-surefire-common/1.1.5/maven-surefire-common-1.1.5.pom
[INFO] Downloaded from central: https://repo.maven.apache.org/maven2/org/apache/maven/surefire/maven-surefire-common/1.1.5/maven-surefire-common-1.1.5.pom (1.4 MB at 344 kB/s)
[INFO] Downloading from central: https://repo.maven.apache.org/maven2/org/apache/maven/surefire/surefire-booter/1.1.2/surefire-booter-1.1.2.jar
[INFO] Downloaded from central: https://repo.maven.apache.org/maven2/org/apache/maven/surefire/surefire-booter/1.1.2/surefire-booter-1.1.2.jar (611 B at 165 kB/s)
[INFO] Downloading from central: https://repo.maven.apache.org/maven2/com/google/guava/guava/1.1.9/guava-1.1.9.pom
[INFO] Downloaded from central: https://repo.maven.apache.org/maven2/com/google/guava/guava/1.1.9/guava-1.1.9.pom (3.2 MB at 726 kB/s)
[INFO] Downloading from central: https://repo.maven.apache.org/maven2/com/google/errorprone/error_prone_annotations/1.1.6/error_prone_annotations-1.1.6.jar
[INFO] Downloaded from central: https://repo.maven.apache.org/maven2/com/google/errorprone/error_prone_annotations/1.1.6/error_prone_annotations-1.1.6.jar (611 B at 329 kB/s)
[INFO] Downloading from central: https://repo.maven.apache.org/maven2/com/google/code/findbugs/jsr305/1.1.3/jsr305-1.1.3.pom
[INFO] Downloaded from central: https://repo.maven.apache.org/maven2/com/google/code/findbugs/jsr305/1.1.3/jsr305-1.1.3.pom (48 kB at 156 kB/s)
[INFO] Downloading from central: https://repo.maven.apache.org/maven2/org/checkerframework/checker-qual/1.1.0/checker-qual-1.1.0.jar
[INFO] Downloaded from central: https://repo.maven.apache.org/maven2/org/checkerframework/checker-qual/1.1.0/checker-qual-1.1.0.jar (611 B at 828 kB/s)
[INFO] Downloading from central: https://repo.maven.apache.org/maven2/com/google/j2objc/j2objc-annotations/1.1.7/j2objc-annotations-1.1.7.pom
[INFO] Downloaded from central: https://repo.maven.apache.org/maven2/com/google/j2objc/j2objc-annotations/1.1.7/j2objc-annotations-1.1.7.pom (3.2 MB at 504 kB/s)
[INFO] Downloading from central: https://repo.maven.apache.org/maven2/org/slf4j/slf4j-api/1.1.4/slf4j-api-1.1.4.jar
[INFO] Downloaded from central: https://repo.maven.apache.org/maven2/org/slf4j/slf4j-api/1.1.4/slf4j-api-1.1.4.jar (48 kB at 623 kB/s)
[INFO] Downloading from central: https://repo.maven.apache.org/maven2/org/slf4j/jul-to-slf4j/1.1.1/jul-to-slf4j-1.1.1.pom
[INFO] Downloaded from central: https://repo.maven.apache.org/maven2/org/slf4j/jul-to-slf4j/1.1.1/jul-to-slf4j-1.1.1.pom (1.4 MB at 873 kB/s)
[INFO] Downloading from central: https://repo.maven.apache.org/maven2/ch/qos/logback/logback-classic/1.1.8/logback-classic-1.1.8.jar
[INFO] Downloaded from central: https://repo.maven.apache.org/maven2/ch/qos/logback/logback-classic/1.1.8/logback-classic-1.1.8.jar (611 B at 503 kB/s)
[INFO] Downloading from central: https://repo.maven.apache.org/maven2/ch/qos/logback/logback-core/1.1.5/logback-core-1.1.5.pom
[INFO] Downloaded from central: https://repo.maven.apache.org/maven2/ch/qos/logback/logback-core/1.1.5/logback-core-1.1.5.pom (1.4 MB at 796 kB/s)
[INFO] Downloading from central: https://repo.maven.apache.org/maven2/com/fasterxml/jackson/core/jackson-databind/1.1.2/jackson-databind-1.1.2.jar
[INFO] Downloaded from central: https://repo.maven.apache.org/maven2/com/fasterxml/jackson/core/jackson-databind/1.1.2/jackson-databind-1.1.2.jar (92 kB at 90 kB/s)
[INFO] Downloading from central: https://repo.maven.apache.org/maven2/com/fasterxml/jackson/core/jackson-core/1.1.9/jackson-core-1.1.9.pom
[INFO] Downloaded from central: https://repo.maven.apache.org/maven2/com/fasterxml/jackson/core/jackson-core/1.1.9/jackson-core-1.1.9.pom (12 kB at 438 kB/s)
[INFO] Downloading from central: https://repo.maven.apache.org/maven2/com/fasterxml/jackson/core/jackson-annotations/1.1.6/jackson-annotations-1.1.6.jar
[INFO] Downloaded from central: https://repo.maven.apache.org/maven2/com/fasterxml/jackson/core/jackson-annotations/1.1.6/jackson-annotations-1.1.6.jar (48 kB at 488 kB/s)
[INFO] Downloading from central: https://repo.maven.apache.org/maven2/com/fasterxml/jackson/datatype/jackson-datatype-jsr310/1.1.3/jackson-datatype-jsr310-1.1.3.pom
[INFO] Downloaded from central: https://repo.maven.apache.org/maven2/com/fasterxml/jackson/datatype/jackson-datatype-jsr310/1.1.3/jackson-datatype-jsr310-1.1.3.pom (1.4 MB at 66 kB/s)
[INFO] Downloading from central: https://repo.maven.apache.org/maven2/org/apache/commons/commons-lang3/1.1.0/commons-lang3-1.1.0.jar
[INFO] Downloaded from central: https://repo.maven.apache.org/maven2/org/apache/commons/commons-lang3/1.1.0/commons-lang3-1.1.0.jar (92 kB at 458 kB/s)
[INFO] Downloading from central: https://repo.maven.apache.org/maven2/commons-io/commons-io/1.1.7/commons-io-1.1.7.pom
[INFO] Downloaded from central: https://repo.maven.apache.org/maven2/commons-io/commons-io/1.1.7/commons-io-1.1.7.pom (92 kB at 298 kB/s)
[INFO] Downloading from central: https://repo.maven.apache.org/maven2/commons-codec/commons-codec/1.1.4/commons-codec-1.1.4.jar
[INFO] Downloaded from central: https://repo.maven.apache.org/maven2/commons-codec/commons-codec/1.1.4/commons-codec-1.1.4.jar (611 B at 725 kB/s)
[INFO] Downloading from central: https://repo.maven.apache.org/maven2/org/apache/commons/commons-collections4/1.1.1/commons-collections4-1.1.1.pom
[INFO] Downloaded from central: https://repo.maven.apache.org/maven2/org/apache/commons/commons-collections4/1.1.1/commons-collections4-1.1.1.pom (230 kB at 327 kB/s)
[INFO] Downloading from central: https://repo.maven.apache.org/maven2/org/codehaus/plexus/plexus-utils/1.1.8/plexus-utils-1.1.8.jar
[INFO] Downloaded from central: https://repo.maven.apache.org/maven2/org/codehaus/plexus/plexus-utils/1.1.8/plexus-utils-1.1.8.jar (92 kB at 333 kB/s)
[INFO] Downloading from central: https://repo.maven.apache.org/maven2/org/codehaus/plexus/plexus-interpolation/1.1.5/plexus-interpolation-1.1.5.pom
[INFO] Downloaded from central: https://repo.maven.apache.org/maven2/org/codehaus/plexus/plexus-interpolation/1.1.5/plexus-interpolation-1.1.5.pom (611 B at 326 kB/s)
[INFO] Downloading from central: https://repo.maven.apache.org/maven2/org/codehaus/plexus/plexus-compiler-api/1.1.2/plexus-compiler-api-1.1.2.jar
[INFO] Downloaded from central: https://repo.maven.apache.org/maven2/org/codehaus/plexus/plexus-compiler-api/1.1.2/plexus-compiler-api-1.1.2.jar (48 kB at 320 kB/s)
[INFO] Downloading from central: https://repo.maven.apache.org/maven2/junit/junit/1.1.9/junit-1.1.9.pom
[INFO] Downloaded from central: https://repo.maven.apache.org/maven2/junit/junit/1.1.9/junit-1.1.9.pom (5.1 kB at 874 kB/s)
[INFO] Downloading from central: https://repo.maven.apache.org/maven2/org/hamcrest/hamcrest-core/1.1.6/hamcrest-core-1.1.6.jar
[INFO] Downloaded from central: https://repo.maven.apache.org/maven2/org/hamcrest/hamcrest-core/1.1.6/hamcrest-core-1.1.6.jar (1.4 MB at 292 kB/s)
[INFO] Downloading from central: https://repo.maven.apache.org/maven2/org/junit/jupiter/junit-jupiter-api/1.1.3/junit-jupiter-api-1.1.3.pom
[INFO] Downloaded from central: https://repo.maven.apache.org/maven2/org/junit/jupiter/junit-jupiter-api/1.1.3/junit-jupiter-api-1.1.3.pom (5.1 kB at 893 kB/s)
[INFO] Downloading from central: https://repo.maven.apache.org/maven2/org/junit/jupiter/junit-jupiter-engine/1.1.0/junit-jupiter-engine-1.1.0.jar
[INFO] Downloaded from central: https://repo.maven.apache.org/maven2/org/junit/jupiter/junit-jupiter-engine/1.1.0/junit-jupiter-engine-1.1.0.jar (92 kB at 870 kB/s)
[INFO] Downloading from central: https://repo.maven.apache.org/maven2/org/junit/platform/junit-platform-engine/1.1.7/junit-platform-engine-1.1.7.pom
[INFO] Downloaded from central: https://repo.maven.apache.org/maven2/org/junit/platform/junit-platform-engine/1.1.7/junit-platform-engine-1.1.7.pom (12 kB at 293 kB/s)
[INFO] Downloading from central: https://repo.maven.apache.org/maven2/org/opentest4j/opentest4j/1.1.4/opentest4j-1.1.4.jar
[INFO] Downloaded from central: https://repo.maven.apache.org/maven2/org/opentest4j/opentest4j/1.1.4/opentest4j-1.1.4.jar (92 kB at 775 kB/s)
[INFO] Downloading from central: https://repo.maven.apache.org/maven2/org/apiguardian/apiguardian-api/1.1.1/apiguardian-api-1.1.1.pom
[INFO] Downloaded from central: https://repo.maven.apache.org/maven2/org/apiguardian/apiguardian-api/1.1.1/apiguardian-api-1.1.1.pom (611 B at 735 kB/s)
[INFO] Downloading from central: https://repo.maven.apache.org/maven2/org/mockito/mockito-core/1.1.8/mockito-core-1.1.8.jar
[INFO] Downloaded from central: https://repo.maven.apache.org/maven2/org/mockito/mockito-core/1.1.8/mockito-core-1.1.8.jar (3.2 MB at 610 kB/s)
[INFO] Downloading from central: https://repo.maven.apache.org/maven2/net/bytebuddy/byte-buddy/1.1.5/byte-buddy-1.1.5.pom
[INFO] Downloaded from central: https://repo.maven.apache.org/maven2/net/bytebuddy/byte-buddy/1.1.5/byte-buddy-1.1.5.pom (12 kB at 689 kB/s)
[INFO] Downloading from central: https://repo.maven.apache.org/maven2/org/objenesis/objenesis/1.1.2/objenesis-1.1.2.jar
[INFO] Downloaded from central: https://repo.maven.apache.org/maven2/org/objenesis/objenesis/1.1.2/objenesis-1.1.2.jar (611 B at 79 kB/s)
[INFO] Downloading from central: https://repo.maven.apache.org/maven2/org/hibernate/validator/hibernate-validator/1.1.9/hibernate-validator-1.1.9.pom
[INFO] Downloaded from central: https://repo.maven.apache.org/maven2/org/hibernate/validator/hibernate-validator/1.1.9/hibernate-validator-1.1.9.pom (12 kB at 297 kB/s)
[INFO] Downloading from central: https://repo.maven.apache.org/maven2/javax/validation/validation-api/1.1.6/validation-api-1.1.6.jar
[INFO] Downloaded from central: https://repo.maven.apache.org/maven2/javax/validation/validation-api/1.1.6/validation-api-1.1.6.jar (12 kB at 256 kB/s)
[INFO] Downloading from central: https://repo.maven.apache.org/maven2/com/zaxxer/HikariCP/1.1.3/HikariCP-1.1.3.pom
[INFO] Downloaded from central: https://repo.maven.apache.org/maven2/com/zaxxer/HikariCP/1.1.3/HikariCP-1.1.3.pom (92 kB at 714 kB/s)
[INFO] Downloading from central: https://repo.maven.apache.org/maven2/org/postgresql/postgresql/1.1.0/postgresql-1.1.0.jar
[INFO] Downloaded from central: https://repo.maven.apache.org/maven2/org/postgresql/postgresql/1.1.0/postgresql-1.1.0.jar (92 kB at 387 kB/s)
[INFO] Downloading from central: https://repo.maven.apache.org/maven2/org/flywaydb/flyway-core/1.1.7/flyway-core-1.1.7.pom
[INFO] Downloaded from central: https://repo.maven.apache.org/maven2/org/flywaydb/flyway-core/1.1.7/flyway-core-1.1.7.pom (3.2 MB at 568 kB/s)
[INFO] Downloading from central: https://repo.maven.apache.org/maven2/org/jboss/logging/jboss-logging/1.1.4/jboss-logging-1.1.4.jar
[INFO] Downloaded from central: https://repo.maven.apache.org/maven2/org/jboss/logging/jboss-logging/1.1.4/jboss-logging-1.1.4.jar (230 kB at 836 kB/s)
[INFO] Downloading from central: https://repo.maven.apache.org/maven2/org/yaml/snakeyaml/1.1.1/snakeyaml-1.1.1.pom
[INFO] Downloaded from central: https://repo.maven.apache.org/maven2/org/yaml/snakeyaml/1.1.1/snakeyaml-1.1.1.pom (611 B at 789 kB/s)
[INFO] Downloading from central: https://repo.maven.apache.org/maven2/org/apache/maven/plugins/maven-resources-plugin/1.2.8/maven-resources-plugin-1.2.8.jar
[INFO] Downloaded from central: https://repo.maven.apache.org/maven2/org/apache/maven/plugins/maven-resources-plugin/1.2.8/maven-resources-plugin-1.2.8.jar (1.4 MB at 878 kB/s)
[INFO] Downloading from central: https://repo.maven.apache.org/maven2/org/apache/maven/plugins/maven-compiler-plugin/1.2.5/maven-compiler-plugin-1.2.5.pom
[INFO] Downloaded from central: https://repo.maven.apache.org/maven2/org/apache/maven/plugins/maven-compiler-plugin/1.2.5/maven-compiler-plugin-1.2.5.pom (92 kB at 518 kB/s)
[INFO] Downloading from central: https://repo.maven.apache.org/maven2/org/apache/maven/plugins/maven-surefire-plugin/1.2.2/maven-surefire-plugin-1.2.2.jar
[INFO] Downloaded from central: https://repo.maven.apache.org/maven2/org/apache/maven/plugins/maven-surefire-plugin/1.2.2/maven-surefire-plugin-1.2.2.jar (3.2 MB at 148 kB/s)
[INFO] Downloading from central: https://repo.maven.apache.org/maven2/org/apache/maven/plugins/maven-jar-plugin/1.2.9/maven-jar-plugin-1.2.9.pom
[INFO] Downloaded from central: https://repo.maven.apache.org/maven2/org/apache/maven/plugins/maven-jar-plugin/1.2.9/maven-jar-plugin-1.2.9.pom (12 kB at 677 kB/s)
[INFO] Downloading from central: https://repo.maven.apache.org/maven2/org/apache/maven/plugins/maven-install-plugin/1.2.6/maven-install-plugin-1.2.6.jar
[INFO] Downloaded from central: https://repo.maven.apache.org/maven2/org/apache/maven/plugins/maven-install-plugin/1.2.6/maven-install-plugin-1.2.6.jar (48 kB at 167 kB/s)
[INFO] Downloading from central: https://repo.maven.apache.org/maven2/org/apache/maven/plugins/maven-clean-plugin/1.2.3/maven-clean-plugin-1.2.3.pom
[INFO] Downloaded from central: https://repo.maven.apache.org/maven2/org/apache/maven/plugins/maven-clean-plugin/1.2.3/maven-clean-plugin-1.2.3.pom (48 kB at 575 kB/s)
[INFO] Downloading from central: https://repo.maven.apache.org/maven2/org/apache/maven/surefire/surefire-junit-platform/1.2.0/surefire-junit-platform-1.2.0.jar
[INFO] Downloaded from central: https://repo.maven.apache.org/maven2/org/apache/maven/surefire/surefire-junit-platform/1.2.0/surefire-junit-platform-1.2.0.jar (611 B at 614 kB/s)
[INFO] Downloading from central: https://repo.maven.apache.org/maven2/org/apache/maven/surefire/surefire-api/1.2.7/surefire-api-1.2.7.pom
[INFO] Downloaded from central: https://repo.maven.apache.org/maven2/org/apache/maven/surefire/surefire-api/1.2.7/surefire-api-1.2.7.pom (1.4 MB at 457 kB/s)
[INFO] Downloading from central: https://repo.maven.apache.org/maven2/org/apache/maven/surefire/maven-surefire-common/1.2.4/maven-surefire-common-1.2.4.jar
[INFO] Downloaded from central: https://repo.maven.apache.org/maven2/org/apache/maven/surefire/maven-surefire-common/1.2.4/maven-surefire-common-1.2.4.jar (1.4 MB at 230 kB/s)
[INFO] Downloading from central: https://repo.maven.apache.org/maven2/org/apache/maven/surefire/surefire-booter/1.2.1/surefire-booter-1.2.1.pom
[INFO] Downloaded from central: https://repo.maven.apache.org/maven2/org/apache/maven/surefire/surefire-booter/1.2.1/surefire-booter-1.2.1.pom (5.1 kB at 526 kB/s)
[INFO] Downloading from central: https://repo.maven.apache.org/maven2/com/google/guava/guava/1.2.8/guava-1.2.8.jar
[INFO] Downloaded from central: https://repo.maven.apache.org/maven2/com/google/guava/guava/1.2.8/guava-1.2.8.jar (5.1 kB at 848 kB/s)
[INFO] Downloading from central: https://repo.maven.apache.org/maven2/com/google/errorprone/error_prone_annotations/1.2.5/error_prone_annotations-1.2.5.pom
[INFO] Downloaded from central: https://repo.maven.apache.org/maven2/com/google/errorprone/error_prone_annotations/1.2.5/error_prone_annotations-1.2.5.pom (48 kB at 695 kB/s)
[INFO] Downloading from central: https://repo.maven.apache.org/maven2/com/google/code/findbugs/jsr305/1.2.2/jsr305-1.2.2.jar
[INFO] Downloaded from central: https://repo.maven.apache.org/maven2/com/google/code/findbugs/jsr305/1.2.2/jsr305-1.2.2.jar (92 kB at 78 kB/s)
[INFO] Downloading from central: https://repo.maven.apache.org/maven2/org/checkerframework/checker-qual/1.2.9/checker-qual-1.2.9.pom
[INFO] Downloaded from central: https://repo.maven.apache.org/maven2/org/checkerframework/checker-qual/1.2.9/checker-qual-1.2.9.pom (5.1 kB at 153 kB/s)
[INFO] Downloading from central: https://repo.maven.apache.org/maven2/com/google/j2objc/j2objc-annotations/1.2.6/j2objc-annotations-1.2.6.jar
[INFO] Downloaded from central: https://repo.maven.apache.org/maven2/com/google/j2objc/j2objc-annotations/1.2.6/j2objc-annotations-1.2.6.jar (3.2 MB at 611 kB/s)
[INFO] Downloading from central: https://repo.maven.apache.org/maven2/org/slf4j/slf4j-api/1.2.3/slf4j-api-1.2.3.pom
[INFO] Downloaded from central: https://repo.maven.apache.org/maven2/org/slf4j/slf4j-api/1.2.3/slf4j-api-1.2.3.pom (611 B at 80 kB/s)
[INFO] Downloading from central: https://repo.maven.apache.org/maven2/org/slf4j/jul-to-slf4j/1.2.0/jul-to-slf4j-1.2.0.jar
[INFO] Downloaded from central: https://repo.maven.apache.org/maven2/org/slf4j/jul-to-slf4j/1.2.0/jul-to-slf4j-1.2.0.jar (48 kB at 538 kB/s)
[INFO] Downloading from central: https://repo.maven.apache.org/maven2/ch/qos/logback/logback-classic/1.2.7/logback-classic-1.2.7.pom
[INFO] Downloaded from central: https://repo.maven.apache.org/maven2/ch/qos/logback/logback-classic/1.2.7/logback-classic-1.2.7.pom (1.4 MB at 772 kB/s)
[INFO] Downloading from central: https://repo.maven.apache.org/maven2/ch/qos/logback/logback-core/1.2.4/logback-core-1.2.4.jar
[INFO] Downloaded from central: https://repo.maven.apache.org/maven2/ch/qos/logback/logback-core/1.2.4/logback-core-1.2.4.jar (3.2 MB at 253 kB/s)
[INFO] Downloading from central: https://repo.maven.apache.org/maven2/com/fasterxml/jackson/core/jackson-databind/1.2.1/jackson-databind-1.2.1.pom
[INFO] Downloaded from central: https://repo.maven.apache.org/maven2/com/fasterxml/jackson/core/jackson-databind/1.2.1/jackson-databind-1.2.1.pom (230 kB at 825 kB/s)
[INFO] Downloading from central: https://repo.maven.apache.org/maven2/com/fasterxml/jackson/core/jackson-core/1.2.8/jackson-core-1.2.8.jar
[INFO] Downloaded from central: https://repo.maven.apache.org/maven2/com/fasterxml/jackson/core/jackson-core/1.2.8/jackson-core-1.2.8.jar (230 kB at 282 kB/s)
[INFO] Downloading from central: https://repo.maven.apache.org/maven2/com/fasterxml/jackson/core/jackson-annotations/1.2.5/jackson-annotations-1.2.5.pom
[INFO] Downloaded from central: https://repo.maven.apache.org/maven2/com/fasterxml/jackson/core/jackson-annotations/1.2.5/jackson-annotations-1.2.5.pom (611 B at 652 kB/s)
[INFO] Downloading from central: https://repo.maven.apache.org/maven2/com/fasterxml/jackson/datatype/jackson-datatype-jsr310/1.2.2/jackson-datatype-jsr310-1.2.2.jar
[INFO] Downloaded from central: https://repo.maven.apache.org/maven2/com/fasterxml/jackson/datatype/jackson-datatype-jsr310/1.2.2/jackson-datatype-jsr310-1.2.2.jar (12 kB at 79 kB/s)
[INFO] Downloading from central: https://repo.maven.apache.org/maven2/org/apache/commons/commons-lang3/1.2.9/commons-lang3-1.2.9.pom
[INFO] Downloaded from central: https://repo.maven.apache.org/maven2/org/apache/commons/commons-lang3/1.2.9/commons-lang3-1.2.9.pom (92 kB at 663 kB/s)
[INFO] Downloading from central: https://repo.maven.apache.org/maven2/commons-io/commons-io/1.2.6/commons-io-1.2.6.jar
[INFO] Downloaded from central: https://repo.maven.apache.org/maven2/commons-io/commons-io/1.2.6/commons-io-1.2.6.jar (12 kB at 91 kB/s)
[INFO] Downloading from central: https://repo.maven.apache.org/maven2/commons-codec/commons-codec/1.2.3/commons-codec-1.2.3.pom
[INFO] Downloaded from central: https://repo.maven.apache.org/maven2/commons-codec/commons-codec/1.2.3/commons-codec-1.2.3.pom (48 kB at 312 kB/s)
[INFO] Downloading from central: https://repo.maven.apache.org/maven2/org/apache/commons/commons-collections4/1.2.0/commons-collections4-1.2.0.jar
[INFO] Downloaded from central: https://repo.maven.apache.org/maven2/org/apache/commons/commons-collections4/1.2.0/commons-collections4-1.2.0.jar (12 kB at 895 kB/s)
[INFO] Downloading from central: https://repo.maven.apache.org/maven2/org/codehaus/plexus/plexus-utils/1.2.7/plexus-utils-1.2.7.pom
[INFO] Downloaded from central: https://repo.maven.apache.org/maven2/org/codehaus/plexus/plexus-utils/1.2.7/plexus-utils-1.2.7.pom (48 kB at 821 kB/s)
[INFO] Downloading from central: https://repo.maven.apache.org/maven2/org/codehaus/plexus/plexus-interpolation/1.2.4/plexus-interpolation-1.2.4.jar
[INFO] Downloaded from central: https://repo.maven.apache.org/maven2/org/codehaus/plexus/plexus-interpolation/1.2.4/plexus-interpolation-1.2.4.jar (1.4 MB at 695 kB/s)
[INFO] Downloading from central: https://repo.maven.apache.org/maven2/org/codehaus/plexus/plexus-compiler-api/1.2.1/plexus-compiler-api-1.2.1.pom
[INFO] Downloaded from central: https://repo.maven.apache.org/maven2/org/codehaus/plexus/plexus-compiler-api/1.2.1/plexus-compiler-api-1.2.1.pom (611 B at 839 kB/s)
[INFO] Downloading from central: https://repo.maven.apache.org/maven2/junit/junit/1.2.8/junit-1.2.8.jar
[INFO] Downloaded from central: https://repo.maven.apache.org/maven2/junit/junit/1.2.8/junit-1.2.8.jar (12 kB at 676 kB/s)
[INFO] Downloading from central: https://repo.maven.apache.org/maven2/org/hamcrest/hamcrest-core/1.2.5/hamcrest-core-1.2.5.pom
[INFO] Downloaded from central: https://repo.maven.apache.org/maven2/org/hamcrest/hamcrest-core/1.2.5/hamcrest-core-1.2.5.pom (1.4 MB at 252 kB/s)
[INFO] Downloading from central: https://repo.maven.apache.org/maven2/org/junit/jupiter/junit-jupiter-api/1.2.2/junit-jupiter-api-1.2.2.jar
[INFO] Downloaded from central: https://repo.maven.apache.org/maven2/org/junit/jupiter/junit-jupiter-api/1.2.2/junit-jupiter-api-1.2.2.jar (3.2 MB at 78 kB/s)
[INFO] Downloading from central: https://repo.maven.apache.org/maven2/org/junit/jupiter/junit-jupiter-engine/1.2.9/junit-jupiter-engine-1.2.9.pom
[INFO] Downloaded from central: https://repo.maven.apache.org/maven2/org/junit/jupiter/junit-jupiter-engine/1.2.9/junit-jupiter-engine-1.2.9.pom (1.4 MB at 433 kB/s)
[INFO] Downloading from central: https://repo.maven.apache.org/maven2/org/junit/platform/junit-platform-engine/1.2.6/junit-platform-engine-1.2.6.jar
[INFO] Downloaded from central: https://repo.maven.apache.org/maven2/org/junit/platform/junit-platform-engine/1.2.6/junit-platform-engine-1.2.6.jar (92 kB at 685 kB/s)
[INFO] Downloading from central: https://repo.maven.apache.org/maven2/org/opentest4j/opentest4j/1.2.3/opentest4j-1.2.3.pom
[INFO] Downloaded from central: https://repo.maven.apache.org/maven2/org/opentest4j/opentest4j/1.2.3/opentest4j-1.2.3.pom (5.1 kB at 232 kB/s)
[INFO] Downloading from central: https://repo.maven.apache.org/maven2/org/apiguardian/apiguardian-api/1.2.0/apiguardian-api-1.2.0.jar
[INFO] Downloaded from central: https://repo.maven.apache.org/maven2/org/apiguardian/apiguardian-api/1.2.0/apiguardian-api-1.2.0.jar (1.4 MB at 43 kB/s)
[INFO] Downloading from central: https://repo.maven.apache.org/maven2/org/mockito/mockito-core/1.2.7/mockito-core-1.2.7.pom
[INFO] Downloaded from central: https://repo.maven.apache.org/maven2/org/mockito/mockito-core/1.2.7/mockito-core-1.2.7.pom (230 kB at 614 kB/s)
[INFO] Downloading from central: https://repo.maven.apache.org/maven2/net/bytebuddy/byte-buddy/1.2.4/byte-buddy-1.2.4.jar
[INFO] Downloaded from central: https://repo.maven.apache.org/maven2/net/bytebuddy/byte-buddy/1.2.4/byte-buddy-1.2.4.jar (3.2 MB at 736 kB/s)
[INFO] Downloading from central: https://repo.maven.apache.org/maven2/org/objenesis/objenesis/1.2.1/objenesis-1.2.1.pom
[INFO] Downloaded from central: https://repo.maven.apache.org/maven2/org/objenesis/objenesis/1.2.1/objenesis-1.2.1.pom (1.4 MB at 344 kB/s)
[INFO] Downloading from central: https://repo.maven.apache.org/maven2/org/hibernate/validator/hibernate-validator/1.2.8/hibernate-validator-1.2.8.jar
[INFO] Downloaded from central: https://repo.maven.apache.org/maven2/org/hibernate/validator/hibernate-validator/1.2.8/hibernate-validator-1.2.8.jar (5.1 kB at 571 kB/s)
[INFO] Downloading from central: https://repo.maven.apache.org/maven2/javax/validation/validation-api/1.2.5/validation-api-1.2.5.pom
[INFO] Downloaded from central: https://repo.maven.apache.org/maven2/javax/validation/validation-api/1.2.5/validation-api-1.2.5.pom (92 kB at 245 kB/s)
[INFO] Downloading from central: https://repo.maven.apache.org/maven2/com/zaxxer/HikariCP/1.2.2/HikariCP-1.2.2.jar
[INFO] Downloaded from central: https://repo.maven.apache.org/maven2/com/zaxxer/HikariCP/1.2.2/HikariCP-1.2.2.jar (611 B at 153 kB/s)
[INFO] Downloading from central: https://repo.maven.apache.org/maven2/org/postgresql/postgresql/1.2.9/postgresql-1.2.9.pom
[INFO] Downloaded from central: https://repo.maven.apache.org/maven2/org/postgresql/postgresql/1.2.9/postgresql-1.2.9.pom (611 B at 576 kB/s)
[INFO] Downloading from central: https://repo.maven.apache.org/maven2/org/flywaydb/flyway-core/1.2.6/flyway-core-1.2.6.jar
[INFO] Downloaded from central: https://repo.maven.apache.org/maven2/org/flywaydb/flyway-core/1.2.6/flyway-core-1.2.6.jar (3.2 MB at 392 kB/s)
[INFO] Downloading from central: https://repo.maven.apache.org/maven2/org/jboss/logging/jboss-logging/1.2.3/jboss-logging-1.2.3.pom
[INFO] Downloaded from central: https://repo.maven.apache.org/maven2/org/jboss/logging/jboss-logging/1.2.3/jboss-logging-1.2.3.pom (3.2 MB at 547 kB/s)
[INFO] Downloading from central: https://repo.maven.apache.org/maven2/org/yaml/snakeyaml/1.2.0/snakeyaml-1.2.0.jar
[INFO] Downloaded from central: https://repo.maven.apache.org/maven2/org/yaml/snakeyaml/1.2.0/snakeyaml-1.2.0.jar (230 kB at 118 kB/s)
[INFO] Downloading from central: https://repo.maven.apache.org/maven2/org/apache/maven/plugins/maven-resources-plugin/1.3.7/maven-resources-plugin-1.3.7.pom
[INFO] Downloaded from central: https://repo.maven.apache.org/maven2/org/apache/maven/plugins/maven-resources-plugin/1.3.7/maven-resources-plugin-1.3.7.pom (5.1 kB at 122 kB/s)
[INFO] Downloading from central: https://repo.maven.apache.org/maven2/org/apache/maven/plugins/maven-compiler-plugin/1.3.4/maven-compiler-plugin-1.3.4.jar
[INFO] Downloaded from central: https://repo.maven.apache.org/maven2/org/apache/maven/plugins/maven-compiler-plugin/1.3.4/maven-compiler-plugin-1.3.4.jar (5.1 kB at 403 kB/s)
[INFO] Downloading from central: https://repo.maven.apache.org/maven2/org/apache/maven/plugins/maven-surefire-plugin/1.3.1/maven-surefire-plugin-1.3.1.pom
[INFO] Downloaded from central: https://repo.maven.apache.org/maven2/org/apache/maven/plugins/maven-surefire-plugin/1.3.1/maven-surefire-plugin-1.3.1.pom (5.1 kB at 171 kB/s)
[INFO] Downloading from central: https://repo.maven.apache.org/maven2/org/apache/maven/plugins/maven-jar-plugin/1.3.8/maven-jar-plugin-1.3.8.jar
[INFO] Downloaded from central: https://repo.maven.apache.org/maven2/org/apache/maven/plugins/maven-jar-plugin/1.3.8/maven-jar-plugin-1.3.8.jar (3.2 MB at 685 kB/s)
[INFO] Downloading from central: https://repo.maven.apache.org/maven2/org/apache/maven/plugins/maven-install-plugin/1.3.5/maven-install-plugin-1.3.5.pom
[INFO] Downloaded from central: https://repo.maven.apache.org/maven2/org/apache/maven/plugins/maven-install-plugin/1.3.5/maven-install-plugin-1.3.5.pom (48 kB at 284 kB/s)
[INFO] Downloading from central: https://repo.maven.apache.org/maven2/org/apache/maven/plugins/maven-clean-plugin/1.3.2/maven-clean-plugin-1.3.2.jar
[INFO] Downloaded from central: https://repo.maven.apache.org/maven2/org/apache/maven/plugins/maven-clean-plugin/1.3.2/maven-clean-plugin-1.3.2.jar (5.1 kB at 568 kB/s)
[INFO] Downloading from central: https://repo.maven.apache.org/maven2/org/apache/maven/surefire/surefire-junit-platform/1.3.9/surefire-junit-platform-1.3.9.pom
[INFO] Downloaded from central: https://repo.maven.apache.org/maven2/org/apache/maven/surefire/surefire-junit-platform/1.3.9/surefire-junit-platform-1.3.9.pom (48 kB at 235 kB/s)
[INFO] Downloading from central: https://repo.maven.apache.org/maven2/org/apache/maven/surefire/surefire-api/1.3.6/surefire-api-1.3.6.jar
[INFO] Downloaded from central: https://repo.maven.apache.org/maven2/org/apache/maven/surefire/surefire-api/1.3.6/surefire-api-1.3.6.jar (5.1 kB at 120 kB/s)
[INFO] Downloading from central: https://repo.maven.apache.org/maven2/org/apache/maven/surefire/maven-surefire-common/1.3.3/maven-surefire-common-1.3.3.pom
[INFO] Downloaded from central: https://repo.maven.apache.org/maven2/org/apache/maven/surefire/maven-surefire-common/1.3.3/maven-surefire-common-1.3.3.pom (230 kB at 849 kB/s)
[INFO] Downloading from central: https://repo.maven.apache.org/maven2/org/apache/maven/surefire/surefire-booter/1.3.0/surefire-booter-1.3.0.jar
[INFO] Downloaded from central: https://repo.maven.apache.org/maven2/org/apache/maven/surefire/surefire-booter/1.3.0/surefire-booter-1.3.0.jar (1.4 MB at 687 kB/s)
[INFO] Downloading from central: https://repo.maven.apache.org/maven2/com/google/guava/guava/1.3.7/guava-1.3.7.pom
[INFO] Downloaded from central: https://repo.maven.apache.org/maven2/com/google/guava/guava/1.3.7/guava-1.3.7.pom (5.1 kB at 522 kB/s)
[INFO] Downloading from central: https://repo.maven.apache.org/maven2/com/google/errorprone/error_prone_annotations/1.3.4/error_prone_annotations-1.3.4.jar
[INFO] Downloaded from central: https://repo.maven.apache.org/maven2/com/google/errorprone/error_prone_annotations/1.3.4/error_prone_annotations-1.3.4.jar (230 kB at 495 kB/s)
[INFO] Downloading from central: https://repo.maven.apache.org/maven2/com/google/code/findbugs/jsr305/1.3.1/jsr305-1.3.1.pom
[INFO] Downloaded from central: https://repo.maven.apache.org/maven2/com/google/code/findbugs/jsr305/1.3.1/jsr305-1.3.1.pom (1.4 MB at 128 kB/s)
[INFO] Downloading from central: https://repo.maven.apache.org/maven2/org/checkerframework/checker-qual/1.3.8/checker-qual-1.3.8.jar
[INFO] Downloaded from central: https://repo.maven.apache.org/maven2/org/checkerframework/checker-qual/1.3.8/checker-qual-1.3.8.jar (3.2 MB at 42 kB/s)
[INFO] Downloading from central: https://repo.maven.apache.org/maven2/com/google/j2objc/j2objc-annotations/1.3.5/j2objc-annotations-1.3.5.pom
[INFO] Downloaded from central: https://repo.maven.apache.org/maven2/com/google/j2objc/j2objc-annotations/1.3.5/j2objc-annotations-1.3.5.pom (92 kB at 853 kB/s)
[INFO] Downloading from central: https://repo.maven.apache.org/maven2/org/slf4j/slf4j-api/1.3.2/slf4j-api-1.3.2.jar
[INFO] Downloaded from central: https://repo.maven.apache.org/maven2/org/slf4j/slf4j-api/1.3.2/slf4j-api-1.3.2.jar (48 kB at 663 kB/s)
[INFO] Downloading from central: https://repo.maven.apache.org/maven2/org/slf4j/jul-to-slf4j/1.3.9/jul-to-slf4j-1.3.9.pom
[INFO] Downloaded from central: https://repo.maven.apache.org/maven2/org/slf4j/jul-to-slf4j/1.3.9/jul-to-slf4j-1.3.9.pom (5.1 kB at 796 kB/s)
[INFO] Downloading from central: https://repo.maven.apache.org/maven2/ch/qos/logback/logback-classic/1.3.6/logback-classic-1.3.6.jar
[INFO] Downloaded from central: https://repo.maven.apache.org/maven2/ch/qos/logback/logback-classic/1.3.6/logback-classic-1.3.6.jar (12 kB at 97 kB/s)
[INFO] Downloading from central: https://repo.maven.apache.org/maven2/ch/qos/logback/logback-core/1.3.3/logback-core-1.3.3.pom
[INFO] Downloaded from central: https://repo.maven.apache.org/maven2/ch/qos/logback/logback-core/1.3.3/logback-core-1.3.3.pom (3.2 MB at 446 kB/s)
[INFO] Downloading from central: https://repo.maven.apache.org/maven2/com/fasterxml/jackson/core/jackson-databind/1.3.0/jackson-databind-1.3.0.jar
[INFO] Downloaded from central: https://repo.maven.apache.org/maven2/com/fasterxml/jackson/core/jackson-databind/1.3.0/jackson-databind-1.3.0.jar (611 B at 661 kB/s)
[INFO] Downloading from central: https://repo.maven.apache.org/maven2/com/fasterxml/jackson/core/jackson-core/1.3.7/jackson-core-1.3.7.pom
[INFO] Downloaded from central: https://repo.maven.apache.org/maven2/com/fasterxml/jackson/core/jackson-core/1.3.7/jackson-core-1.3.7.pom (611 B at 867 kB/s)
[INFO] Downloading from central: https://repo.maven.apache.org/maven2/com/fasterxml/jackson/core/jackson-annotations/1.3.4/jackson-annotations-1.3.4.jar
[INFO] Downloaded from central: https://repo.maven.apache.org/maven2/com/fasterxml/jackson/core/jackson-annotations/1.3.4/jackson-annotations-1.3.4.jar (611 B at 500 kB/s)
[INFO] Downloading from central: https://repo.maven.apache.org/maven2/com/fasterxml/jackson/datatype/jackson-datatype-jsr310/1.3.1/jackson-datatype-jsr310-1.3.1.pom
[INFO] Downloaded from central: https://repo.maven.apache.org/maven2/com/fasterxml/jackson/datatype/jackson-datatype-jsr310/1.3.1/jackson-datatype-jsr310-1.3.1.pom (92 kB at 143 kB/s)
[INFO] Downloading from central: https://repo.maven.apache.org/maven2/org/apache/commons/commons-lang3/1.3.8/commons-lang3-1.3.8.jar
[INFO] Downloaded from central: https://repo.maven.apache.org/maven2/org/apache/commons/commons-lang3/1.3.8/commons-lang3-1.3.8.jar (611 B at 776 kB/s)
[INFO] Downloading from central: https://repo.maven.apache.org/maven2/commons-io/commons-io/1.3.5/commons-io-1.3.5.pom
[INFO] Downloaded from central: https://repo.maven.apache.org/maven2/commons-io/commons-io/1.3.5/commons-io-1.3.5.pom (12 kB at 858 kB/s)
[INFO] Downloading from central: https://repo.maven.apache.org/maven2/commons-codec/commons-codec/1.3.2/commons-codec-1.3.2.jar
[INFO] Downloaded from central: https://repo.maven.apache.org/maven2/commons-codec/commons-codec/1.3.2/commons-codec-1.3.2.jar (1.4 MB at 624 kB/s)
[INFO] Downloading from central: https://repo.maven.apache.org/maven2/org/apache/commons/commons-collections4/1.3.9/commons-collections4-1.3.9.pom
[INFO] Downloaded from central: https://repo.maven.apache.org/maven2/org/apache/commons/commons-collections4/1.3.9/commons-collections4-1.3.9.pom (611 B at 483 kB/s)
[INFO] Downloading from central: https://repo.maven.apache.org/maven2/org/codehaus/plexus/plexus-utils/1.3.6/plexus-utils-1.3.6.jar
[INFO] Downloaded from central: https://repo.maven.apache.org/maven2/org/codehaus/plexus/plexus-utils/1.3.6/plexus-utils-1.3.6.jar (48 kB at 396 kB/s)
[INFO] Downloading from central: https://repo.maven.apache.org/maven2/org/codehaus/plexus/plexus-interpolation/1.3.3/plexus-interpolation-1.3.3.pom
[INFO] Downloaded from central: https://repo.maven.apache.org/maven2/org/codehaus/plexus/plexus-interpolation/1.3.3/plexus-interpolation-1.3.3.pom (92 kB at 504 kB/s)
[INFO] Downloading from central: https://repo.maven.apache.org/maven2/org/codehaus/plexus/plexus-compiler-api/1.3.0/plexus-compiler-api-1.3.0.jar
[INFO] Downloaded from central: https://repo.maven.apache.org/maven2/org/codehaus/plexus/plexus-compiler-api/1.3.0/plexus-compiler-api-1.3.0.jar (611 B at 324 kB/s)
[INFO] Downloading from central: https://repo.maven.apache.org/maven2/junit/junit/1.3.7/junit-1.3.7.pom
[INFO] Downloaded from central: https://repo.maven.apache.org/maven2/junit/junit/1.3.7/junit-1.3.7.pom (48 kB at 612 kB/s)
[INFO] Downloading from central: https://repo.maven.apache.org/maven2/org/hamcrest/hamcrest-core/1.3.4/hamcrest-core-1.3.4.jar
[INFO] Downloaded from central: https://repo.maven.apache.org/maven2/org/hamcrest/hamcrest-core/1.3.4/hamcrest-core-1.3.4.jar (230 kB at 196 kB/s)
[INFO] Downloading from central: https://repo.maven.apache.org/maven2/org/junit/jupiter/junit-jupiter-api/1.3.1/junit-jupiter-api-1.3.1.pom
[INFO] Downloaded from central: https://repo.maven.apache.org/maven2/org/junit/jupiter/junit-jupiter-api/1.3.1/junit-jupiter-api-1.3.1.pom (48 kB at 253 kB/s)
[INFO] Downloading from central: https://repo.maven.apache.org/maven2/org/junit/jupiter/junit-jupiter-engine/1.3.8/junit-jupiter-engine-1.3.8.jar
[INFO] Downloaded from central: https://repo.maven.apache.org/maven2/org/junit/jupiter/junit-jupiter-engine/1.3.8/junit-jupiter-engine-1.3.8.jar (3.2 MB at 708 kB/s)
[INFO] Downloading from central: https://repo.maven.apache.org/maven2/org/junit/platform/junit-platform-engine/1.3.5/junit-platform-engine-1.3.5.pom
[INFO] Downloaded from central: https://repo.maven.apache.org/maven2/org/junit/platform/junit-platform-engine/1.3.5/junit-platform-engine-1.3.5.pom (3.2 MB at 490 kB/s)
[INFO] Downloading from central: https://repo.maven.apache.org/maven2/org/opentest4j/opentest4j/1.3.2/opentest4j-1.3.2.jar
[INFO] Downloaded from central: https://repo.maven.apache.org/maven2/org/opentest4j/opentest4j/1.3.2/opentest4j-1.3.2.jar (230 kB at 480 kB/s)
[INFO] Downloading from central: https://repo.maven.apache.org/maven2/org/apiguardian/apiguardian-api/1.3.9/apiguardian-api-1.3.9.pom
[INFO] Downloaded from central: https://repo.maven.apache.org/maven2/org/apiguardian/apiguardian-api/1.3.9/apiguardian-api-1.3.9.pom (48 kB at 707 kB/s)
[INFO] Downloading from central: https://repo.maven.apache.org/maven2/org/mockito/mockito-core/1.3.6/mockito-core-1.3.6.jar
[INFO] Downloaded from central: https://repo.maven.apache.org/maven2/org/mockito/mockito-core/1.3.6/mockito-core-1.3.6.jar (1.4 MB at 744 kB/s)
[INFO] Downloading from central: https://repo.maven.apache.org/maven2/net/bytebuddy/byte-buddy/1.3.3/byte-buddy-1.3.3.pom
[INFO] Downloaded from central: https://repo.maven.apache.org/maven2/net/bytebuddy/byte-buddy/1.3.3/byte-buddy-1.3.3.pom (48 kB at 554 kB/s)
[INFO] Downloading from central: https://repo.maven.apache.org/maven2/org/objenesis/objenesis/1.3.0/objenesis-1.3.0.jar
[INFO] Downloaded from central: https://repo.maven.apache.org/maven2/org/objenesis/objenesis/1.3.0/objenesis-1.3.0.jar (611 B at 881 kB/s)
[INFO] Downloading from central: https://repo.maven.apache.org/maven2/org/hibernate/validator/hibernate-validator/1.3.7/hibernate-validator-1.3.7.pom
[INFO] Downloaded from central: https://repo.maven.apache.org/maven2/org/hibernate/validator/hibernate-validator/1.3.7/hibernate-validator-1.3.7.pom (92 kB at 467 kB/s)
[INFO] Downloading from central: https://repo.maven.apache.org/maven2/javax/validation/validation-api/1.3.4/validation-api-1.3.4.jar
[INFO] Downloaded from central: https://repo.maven.apache.org/maven2/javax/validation/validation-api/1.3.4/validation-api-1.3.4.jar (3.2 MB at 409 kB/s)
[INFO] Downloading from central: https://repo.maven.apache.org/maven2/com/zaxxer/HikariCP/1.3.1/HikariCP-1.3.1.pom
[INFO] Downloaded from central: https://repo.maven.apache.org/maven2/com/zaxxer/HikariCP/1.3.1/HikariCP-1.3.1.pom (48 kB at 489 kB/s)
[INFO] Downloading from central: https://repo.maven.apache.org/maven2/org/postgresql/postgresql/1.3.8/postgresql-1.3.8.jar
[INFO] Downloaded from central: https://repo.maven.apache.org/maven2/org/postgresql/postgresql/1.3.8/postgresql-1.3.8.jar (92 kB at 778 kB/s)
[INFO] Downloading from central: https://repo.maven.apache.org/maven2/org/flywaydb/flyway-core/1.3.5/flyway-core-1.3.5.pom
[INFO] Downloaded from central: https://repo.maven.apache.org/maven2/org/flywaydb/flyway-core/1.3.5/flyway-core-1.3.5.pom (48 kB at 482 kB/s)
[INFO] Downloading from central: https://repo.maven.apache.org/maven2/org/jboss/logging/jboss-logging/1.3.2/jboss-logging-1.3.2.jar
[INFO] Downloaded from central: https://repo.maven.apache.org/maven2/org/jboss/logging/jboss-logging/1.3.2/jboss-logging-1.3.2.jar (5.1 kB at 654 kB/s)
[INFO] Downloading from central: https://repo.maven.apache.org/maven2/org/yaml/snakeyaml/1.3.9/snakeyaml-1.3.9.pom
[INFO] Downloaded from central: https://repo.maven.apache.org/maven2/org/yaml/snakeyaml/1.3.9/snakeyaml-1.3.9.pom (611 B at 59 kB/s)
[INFO] Downloading from central: https://repo.maven.apache.org/maven2/org/apache/maven/plugins/maven-resources-plugin/1.4.6/maven-resources-plugin-1.4.6.jar
[INFO] Downloaded from central: https://repo.maven.apache.org/maven2/org/apache/maven/plugins/maven-resources-plugin/1.4.6/maven-resources-plugin-1.4.6.jar (48 kB at 522 kB/s)
[INFO] Downloading from central: https://repo.maven.apache.org/maven2/org/apache/maven/plugins/maven-compiler-plugin/1.4.3/maven-compiler-plugin-1.4.3.pom
[INFO] Downloaded from central: https://repo.maven.apache.org/maven2/org/apache/maven/plugins/maven-compiler-plugin/1.4.3/maven-compiler-plugin-1.4.3.pom (48 kB at 885 kB/s)
[INFO] Downloading from central: https://repo.maven.apache.org/maven2/org/apache/maven/plugins/maven-surefire-plugin/1.4.0/maven-surefire-plugin-1.4.0.jar
[INFO] Downloaded from central: https://repo.maven.apache.org/maven2/org/apache/maven/plugins/maven-surefire-plugin/1.4.0/maven-surefire-plugin-1.4.0.jar (92 kB at 130 kB/s)
[INFO] Downloading from central: https://repo.maven.apache.org/maven2/org/apache/maven/plugins/maven-jar-plugin/1.4.7/maven-jar-plugin-1.4.7.pom
[INFO] Downloaded from central: https://repo.maven.apache.org/maven2/org/apache/maven/plugins/maven-jar-plugin/1.4.7/maven-jar-plugin-1.4.7.pom (5.1 kB at 123 kB/s)
[INFO] Downloading from central: https://repo.maven.apache.org/maven2/org/apache/maven/plugins/maven-install-plugin/1.4.4/maven-install-plugin-1.4.4.jar
[INFO] Downloaded from central: https://repo.maven.apache.org/maven2/org/apache/maven/plugins/maven-install-plugin/1.4.4/maven-install-plugin-1.4.4.jar (1.4 MB at 835 kB/s)
[INFO] Downloading from central: https://repo.maven.apache.org/maven2/org/apache/maven/plugins/maven-clean-plugin/1.4.1/maven-clean-plugin-1.4.1.pom
[INFO] Downloaded from central: https://repo.maven.apache.org/maven2/org/apache/maven/plugins/maven-clean-plugin/1.4.1/maven-clean-plugin-1.4.1.pom (48 kB at 138 kB/s)
[INFO] Downloading from central: https://repo.maven.apache.org/maven2/org/apache/maven/surefire/surefire-junit-platform/1.4.8/surefire-junit-platform-1.4.8.jar
[INFO] Downloaded from central: https://repo.maven.apache.org/maven2/org/apache/maven/surefire/surefire-junit-platform/1.4.8/surefire-junit-platform-1.4.8.jar (92 kB at 338 kB/s)
[INFO] Downloading from central: https://repo.maven.apache.org/maven2/org/apache/maven/surefire/surefire-api/1.4.5/surefire-api-1.4.5.pom
[INFO] Downloaded from central: https://repo.maven.apache.org/maven2/org/apache/maven/surefire/surefire-api/1.4.5/surefire-api-1.4.5.pom (92 kB at 606 kB/s)
[INFO] Downloading from central: https://repo.maven.apache.org/maven2/org/apache/maven/surefire/maven-surefire-common/1.4.2/maven-surefire-common-1.4.2.jar
[INFO] Downloaded from central: https://repo.maven.apache.org/maven2/org/apache/maven/surefire/maven-surefire-common/1.4.2/maven-surefire-common-1.4.2.jar (230 kB at 241 kB/s)
[INFO] Downloading from central: https://repo.maven.apache.org/maven2/org/apache/maven/surefire/surefire-booter/1.4.9/surefire-booter-1.4.9.pom
[INFO] Downloaded from central: https://repo.maven.apache.org/maven2/org/apache/maven/surefire/surefire-booter/1.4.9/surefire-booter-1.4.9.pom (92 kB at 217 kB/s)
[INFO] Downloading from central: https://repo.maven.apache.org/maven2/com/google/guava/guava/1.4.6/guava-1.4.6.jar
[INFO] Downloaded from central: https://repo.maven.apache.org/maven2/com/google/guava/guava/1.4.6/guava-1.4.6.jar (230 kB at 204 kB/s)
[INFO] Downloading from central: https://repo.maven.apache.org/maven2/com/google/errorprone/error_prone_annotations/1.4.3/error_prone_annotations-1.4.3.pom
[INFO] Downloaded from central: https://repo.maven.apache.org/maven2/com/google/errorprone/error_prone_annotations/1.4.3/error_prone_annotations-1.4.3.pom (1.4 MB at 590 kB/s)
[INFO] Downloading from central: https://repo.maven.apache.org/maven2/com/google/code/findbugs/jsr305/1.4.0/jsr305-1.4.0.jar
[INFO] Downloaded from central: https://repo.maven.apache.org/maven2/com/google/code/findbugs/jsr305/1.4.0/jsr305-1.4.0.jar (12 kB at 394 kB/s)
[INFO] Downloading from central: https://repo.maven.apache.org/maven2/org/checkerframework/checker-qual/1.4.7/checker-qual-1.4.7.pom
[INFO] Downloaded from central: https://repo.maven.apache.org/maven2/org/checkerframework/checker-qual/1.4.7/checker-qual-1.4.7.pom (1.4 MB at 837 kB/s)
[INFO] Downloading from central: https://repo.maven.apache.org/maven2/com/google/j2objc/j2objc-annotations/1.4.4/j2objc-annotations-1.4.4.jar
[INFO] Downloaded from central: https://repo.maven.apache.org/maven2/com/google/j2objc/j2objc-annotations/1.4.4/j2objc-annotations-1.4.4.jar (611 B at 653 kB/s)
[INFO] Downloading from central: https://repo.maven.apache.org/maven2/org/slf4j/slf4j-api/1.4.1/slf4j-api-1.4.1.pom
[INFO] Downloaded from central: https://repo.maven.apache.org/maven2/org/slf4j/slf4j-api/1.4.1/slf4j-api-1.4.1.pom (1.4 MB at 240 kB/s)
[INFO] Downloading from central: https://repo.maven.apache.org/maven2/org/slf4j/jul-to-slf4j/1.4.8/jul-to-slf4j-1.4.8.jar
[INFO] Downloaded from central: https://repo.maven.apache.org/maven2/org/slf4j/jul-to-slf4j/1.4.8/jul-to-slf4j-1.4.8.jar (12 kB at 762 kB/s)
[INFO] Downloading from central: https://repo.maven.apache.org/maven2/ch/qos/logback/logback-classic/1.4.5/logback-classic-1.4.5.pom
[INFO] Downloaded from central: https://repo.maven.apache.org/maven2/ch/qos/logback/logback-classic/1.4.5/logback-classic-1.4.5.pom (230 kB at 114 kB/s)
[INFO] Downloading from central: https://repo.maven.apache.org/maven2/ch/qos/logback/logback-core/1.4.2/logback-core-1.4.2.jar
[INFO] Downloaded from central: https://repo.maven.apache.org/maven2/ch/qos/logback/logback-core/1.4.2/logback-core-1.4.2.jar (230 kB at 688 kB/s)
[INFO] Downloading from central: https://repo.maven.apache.org/maven2/com/fasterxml/jackson/core/jackson-databind/1.4.9/jackson-databind-1.4.9.pom
[INFO] Downloaded from central: https://repo.maven.apache.org/maven2/com/fasterxml/jackson/core/jackson-databind/1.4.9/jackson-databind-1.4.9.pom (12 kB at 710 kB/s)
[INFO] Downloading from central: https://repo.maven.apache.org/maven2/com/fasterxml/jackson/core/jackson-core/1.4.6/jackson-core-1.4.6.jar
[INFO] Downloaded from central: https://repo.maven.apache.org/maven2/com/fasterxml/jackson/core/jackson-core/1.4.6/jackson-core-1.4.6.jar (611 B at 870 kB/s)
[INFO] Downloading from central: https://repo.maven.apache.org/maven2/com/fasterxml/jackson/core/jackson-annotations/1.4.3/jackson-annotations-1.4.3.pom
[INFO] Downloaded from central: https://repo.maven.apache.org/maven2/com/fasterxml/jackson/core/jackson-annotations/1.4.3/jackson-annotations-1.4.3.pom (230 kB at 419 kB/s)
[INFO] Downloading from central: https://repo.maven.apache.org/maven2/com/fasterxml/jackson/datatype/jackson-datatype-jsr310/1.4.0/jackson-datatype-jsr310-1.4.0.jar
[INFO] Downloaded from central: https://repo.maven.apache.org/maven2/com/fasterxml/jackson/datatype/jackson-datatype-jsr310/1.4.0/jackson-datatype-jsr310-1.4.0.jar (230 kB at 833 kB/s)
[INFO] Downloading from central: https://repo.maven.apache.org/maven2/org/apache/commons/commons-lang3/1.4.7/commons-lang3-1.4.7.pom
[INFO] Downloaded from central: https://repo.maven.apache.org/maven2/org/apache/commons/commons-lang3/1.4.7/commons-lang3-1.4.7.pom (230 kB at 188 kB/s)
[INFO] Downloading from central: https://repo.maven.apache.org/maven2/commons-io/commons-io/1.4.4/commons-io-1.4.4.jar
[INFO] Downloaded from central: https://repo.maven.apache.org/maven2/commons-io/commons-io/1.4.4/commons-io-1.4.4.jar (230 kB at 429 kB/s)
[INFO] Downloading from central: https://repo.maven.apache.org/maven2/commons-codec/commons-codec/1.4.1/commons-codec-1.4.1.pom
[INFO] Downloaded from central: https://repo.maven.apache.org/maven2/commons-codec/commons-codec/1.4.1/commons-codec-1.4.1.pom (611 B at 486 kB/s)
[INFO] Downloading from central: https://repo.maven.apache.org/maven2/org/apache/commons/commons-collections4/1.4.8/commons-collections4-1.4.8.jar
[INFO] Downloaded from central: https://repo.maven.apache.org/maven2/org/apache/commons/commons-collections4/1.4.8/commons-collections4-1.4.8.jar (230 kB at 157 kB/s)
[INFO] Downloading from central: https://repo.maven.apache.org/maven2/org/codehaus/plexus/plexus-utils/1.4.5/plexus-utils-1.4.5.pom
[INFO] Downloaded from central: https://repo.maven.apache.org/maven2/org/codehaus/plexus/plexus-utils/1.4.5/plexus-utils-1.4.5.pom (230 kB at 560 kB/s)
[INFO] Downloading from central: https://repo.maven.apache.org/maven2/org/codehaus/plexus/plexus-interpolation/1.4.2/plexus-interpolation-1.4.2.jar
[INFO] Downloaded from central: https://repo.maven.apache.org/maven2/org/codehaus/plexus/plexus-interpolation/1.4.2/plexus-interpolation-1.4.2.jar (3.2 MB at 156 kB/s)
[INFO] Downloading from central: https://repo.maven.apache.org/maven2/org/codehaus/plexus/plexus-compiler-api/1.4.9/plexus-compiler-api-1.4.9.pom
[INFO] Downloaded from central: https://repo.maven.apache.org/maven2/org/codehaus/plexus/plexus-compiler-api/1.4.9/plexus-compiler-api-1.4.9.pom (92 kB at 464 kB/s)
[INFO] Downloading from central: https://repo.maven.apache.org/maven2/junit/junit/1.4.6/junit-1.4.6.jar
[INFO] Downloaded from central: https://repo.maven.apache.org/maven2/junit/junit/1.4.6/junit-1.4.6.jar (230 kB at 185 kB/s)
[INFO] Downloading from central: https://repo.maven.apache.org/maven2/org/hamcrest/hamcrest-core/1.4.3/hamcrest-core-1.4.3.pom
[INFO] Downloaded from central: https://repo.maven.apache.org/maven2/org/hamcrest/hamcrest-core/1.4.3/hamcrest-core-1.4.3.pom (48 kB at 387 kB/s)
[INFO] Downloading from central: https://repo.maven.apache.org/maven2/org/junit/jupiter/junit-jupiter-api/1.4.0/junit-jupiter-api-1.4.0.jar
[INFO] Downloaded from central: https://repo.maven.apache.org/maven2/org/junit/jupiter/junit-jupiter-api/1.4.0/junit-jupiter-api-1.4.0.jar (92 kB at 231 kB/s)
[INFO] Downloading from central: https://repo.maven.apache.org/maven2/org/junit/jupiter/junit-jupiter-engine/1.4.7/junit-jupiter-engine-1.4.7.pom
[INFO] Downloaded from central: https://repo.maven.apache.org/maven2/org/junit/jupiter/junit-jupiter-engine/1.4.7/junit-jupiter-engine-1.4.7.pom (230 kB at 595 kB/s)
[INFO] Downloading from central: https://repo.maven.apache.org/maven2/org/junit/platform/junit-platform-engine/1.4.4/junit-platform-engine-1.4.4.jar
[INFO] Downloaded from central: https://repo.maven.apache.org/maven2/org/junit/platform/junit-platform-engine/1.4.4/junit-platform-engine-1.4.4.jar (1.4 MB at 426 kB/s)
[INFO] Downloading from central: https://repo.maven.apache.org/maven2/org/opentest4j/opentest4j/1.4.1/opentest4j-1.4.1.pom
[INFO] Downloaded from central: https://repo.maven.apache.org/maven2/org/opentest4j/opentest4j/1.4.1/opentest4j-1.4.1.pom (611 B at 383 kB/s)
[INFO] Downloading from central: https://repo.maven.apache.org/maven2/org/apiguardian/apiguardian-api/1.4.8/apiguardian-api-1.4.8.jar
[INFO] Downloaded from central: https://repo.maven.apache.org/maven2/org/apiguardian/apiguardian-api/1.4.8/apiguardian-api-1.4.8.jar (1.4 MB at 580 kB/s)
[INFO] Downloading from central: https://repo.maven.apache.org/maven2/org/mockito/mockito-core/1.4.5/mockito-core-1.4.5.pom
[INFO] Downloaded from central: https://repo.maven.apache.org/maven2/org/mockito/mockito-core/1.4.5/mockito-core-1.4.5.pom (1.4 MB at 75 kB/s)
[INFO] Downloading from central: https://repo.maven.apache.org/maven2/net/bytebuddy/byte-buddy/1.4.2/byte-buddy-1.4.2.jar
[INFO] Downloaded from central: https://repo.maven.apache.org/maven2/net/bytebuddy/byte-buddy/1.4.2/byte-buddy-1.4.2.jar (3.2 MB at 446 kB/s)
[INFO] Downloading from central: https://repo.maven.apache.org/maven2/org/objenesis/objenesis/1.4.9/objenesis-1.4.9.pom
[INFO] Downloaded from central: https://repo.maven.apache.org/maven2/org/objenesis/objenesis/1.4.9/objenesis-1.4.9.pom (12 kB at 440 kB/s)
[INFO] Downloading from central: https://repo.maven.apache.org/maven2/org/hibernate/validator/hibernate-validator/1.4.6/hibernate-validator-1.4.6.jar
[INFO] Downloaded from central: https://repo.maven.apache.org/maven2/org/hibernate/validator/hibernate-validator/1.4.6/hibernate-validator-1.4.6.jar (5.1 kB at 83 kB/s)
[INFO] Downloading from central: https://repo.maven.apache.org/maven2/javax/validation/validation-api/1.4.3/validation-api-1.4.3.pom
[INFO] Downloaded from central: https://repo.maven.apache.org/maven2/javax/validation/validation-api/1.4.3/validation-api-1.4.3.pom (611 B at 141 kB/s)
[INFO] Downloading from central: https://repo.maven.apache.org/maven2/com/zaxxer/HikariCP/1.4.0/HikariCP-1.4.0.jar
[INFO] Downloaded from central: https://repo.maven.apache.org/maven2/com/zaxxer/HikariCP/1.4.0/HikariCP-1.4.0.jar (1.4 MB at 689 kB/s)
[INFO] Downloading from central: https://repo.maven.apache.org/maven2/org/postgresql/postgresql/1.4.7/postgresql-1.4.7.pom
[INFO] Downloaded from central: https://repo.maven.apache.org/maven2/org/postgresql/postgresql/1.4.7/postgresql-1.4.7.pom (3.2 MB at 726 kB/s)
[INFO] Downloading from central: https://repo.maven.apache.org/maven2/org/flywaydb/flyway-core/1.4.4/flyway-core-1.4.4.jar
[INFO] Downloaded from central: https://repo.maven.apache.org/maven2/org/flywaydb/flyway-core/1.4.4/flyway-core-1.4.4.jar (92 kB at 247 kB/s)
[INFO] Downloading from central: https://repo.maven.apache.org/maven2/org/jboss/logging/jboss-logging/1.4.1/jboss-logging-1.4.1.pom
[INFO] Downloaded from central: https://repo.maven.apache.org/maven2/org/jboss/logging/jboss-logging/1.4.1/jboss-logging-1.4.1.pom (230 kB at 659 kB/s)
[INFO] Downloading from central: https://repo.maven.apache.org/maven2/org/yaml/snakeyaml/1.4.8/snakeyaml-1.4.8.jar
[INFO] Downloaded from central: https://repo.maven.apache.org/maven2/org/yaml/snakeyaml/1.4.8/snakeyaml-1.4.8.jar (5.1 kB at 130 kB/s)
[INFO] Downloading from central: https://repo.maven.apache.org/maven2/org/apache/maven/plugins/maven-resources-plugin/1.5.5/maven-resources-plugin-1.5.5.pom
[INFO] Downloaded from central: https://repo.maven.apache.org/maven2/org/apache/maven/plugins/maven-resources-plugin/1.5.5/maven-resources-plugin-1.5.5.pom (12 kB at 612 kB/s)
[INFO] Downloading from central: https://repo.maven.apache.org/maven2/org/apache/maven/plugins/maven-compiler-plugin/1.5.2/maven-compiler-plugin-1.5.2.jar
[INFO] Downloaded from central: https://repo.maven.apache.org/maven2/org/apache/maven/plugins/maven-compiler-plugin/1.5.2/maven-compiler-plugin-1.5.2.jar (5.1 kB at 376 kB/s)
[INFO] Downloading from central: https://repo.maven.apache.org/maven2/org/apache/maven/plugins/maven-surefire-plugin/1.5.9/maven-surefire-plugin-1.5.9.pom
[INFO] Downloaded from central: https://repo.maven.apache.org/maven2/org/apache/maven/plugins/maven-surefire-plugin/1.5.9/maven-surefire-plugin-1.5.9.pom (1.4 MB at 92 kB/s)
[INFO] Downloading from central: https://repo.maven.apache.org/maven2/org/apache/maven/plugins/maven-jar-plugin/1.5.6/maven-jar-plugin-1.5.6.jar
[INFO] Downloaded from central: https://repo.maven.apache.org/maven2/org/apache/maven/plugins/maven-jar-plugin/1.5.6/maven-jar-plugin-1.5.6.jar (48 kB at 663 kB/s)
[INFO] Downloading from central: https://repo.maven.apache.org/maven2/org/apache/maven/plugins/maven-install-plugin/1.5.3/maven-install-plugin-1.5.3.pom
[INFO] Downloaded from central: https://repo.maven.apache.org/maven2/org/apache/maven/plugins/maven-install-plugin/1.5.3/maven-install-plugin-1.5.3.pom (3.2 MB at 289 kB/s)
[INFO] Downloading from central: https://repo.maven.apache.org/maven2/org/apache/maven/plugins/maven-clean-plugin/1.5.0/maven-clean-plugin-1.5.0.jar
[INFO] Downloaded from central: https://repo.maven.apache.org/maven2/org/apache/maven/plugins/maven-clean-plugin/1.5.0/maven-clean-plugin-1.5.0.jar (1.4 MB at 802 kB/s)
[INFO] Downloading from central: https://repo.maven.apache.org/maven2/org/apache/maven/surefire/surefire-junit-platform/1.5.7/surefire-junit-platform-1.5.7.pom
[INFO] Downloaded from central: https://repo.maven.apache.org/maven2/org/apache/maven/surefire/surefire-junit-platform/1.5.7/surefire-junit-platform-1.5.7.pom (3.2 MB at 273 kB/s)
[INFO] Downloading from central: https://repo.maven.apache.org/maven2/org/apache/maven/surefire/surefire-api/1.5.4/surefire-api-1.5.4.jar
[INFO] Downloaded from central: https://repo.maven.apache.org/maven2/org/apache/maven/surefire/surefire-api/1.5.4/surefire-api-1.5.4.jar (1.4 MB at 71 kB/s)
[INFO] Downloading from central: https://repo.maven.apache.org/maven2/org/apache/maven/surefire/maven-surefire-common/1.5.1/maven-surefire-common-1.5.1.pom
[INFO] Downloaded from central: https://repo.maven.apache.org/maven2/org/apache/maven/surefire/maven-surefire-common/1.5.1/maven-surefire-common-1.5.1.pom (1.4 MB at 327 kB/s)
[INFO] Downloading from central: https://repo.maven.apache.org/maven2/org/apache/maven/surefire/surefire-booter/1.5.8/surefire-booter-1.5.8.jar
[INFO] Downloaded from central: https://repo.maven.apache.org/maven2/org/apache/maven/surefire/surefire-booter/1.5.8/surefire-booter-1.5.8.jar (611 B at 310 kB/s)
[INFO] Downloading from central: https://repo.maven.apache.org/maven2/com/google/guava/guava/1.5.5/guava-1.5.5.pom
[INFO] Downloaded from central: https://repo.maven.apache.org/maven2/com/google/guava/guava/1.5.5/guava-1.5.5.pom (230 kB at 646 kB/s)
[INFO] Downloading from central: https://repo.maven.apache.org/maven2/com/google/errorprone/error_prone_annotations/1.5.2/error_prone_annotations-1.5.2.jar
[INFO] Downloaded from central: https://repo.maven.apache.org/maven2/com/google/errorprone/error_prone_annotations/1.5.2/error_prone_annotations-1.5.2.jar (5.1 kB at 819 kB/s)
[INFO] Downloading from central: https://repo.maven.apache.org/maven2/com/google/code/findbugs/jsr305/1.5.9/jsr305-1.5.9.pom
[INFO] Downloaded from central: https://repo.maven.apache.org/maven2/com/google/code/findbugs/jsr305/1.5.9/jsr305-1.5.9.pom (230 kB at 899 kB/s)
[INFO] Downloading from central: https://repo.maven.apache.org/maven2/org/checkerframework/checker-qual/1.5.6/checker-qual-1.5.6.jar
[INFO] Downloaded from central: https://repo.maven.apache.org/maven2/org/checkerframework/checker-qual/1.5.6/checker-qual-1.5.6.jar (3.2 MB at 555 kB/s)
[INFO] Downloading from central: https://repo.maven.apache.org/maven2/com/google/j2objc/j2objc-annotations/1.5.3/j2objc-annotations-1.5.3.pom
[INFO] Downloaded from central: https://repo.maven.apache.org/maven2/com/google/j2objc/j2objc-annotations/1.5.3/j2objc-annotations-1.5.3.pom (611 B at 290 kB/s)
[INFO] Downloading from central: https://repo.maven.apache.org/maven2/org/slf4j/slf4j-api/1.5.0/slf4j-api-1.5.0.jar
[INFO] Downloaded from central: https://repo.maven.apache.org/maven2/org/slf4j/slf4j-api/1.5.0/slf4j-api-1.5.0.jar (611 B at 714 kB/s)
[INFO] Downloading from central: https://repo.maven.apache.org/maven2/org/slf4j/jul-to-slf4j/1.5.7/jul-to-slf4j-1.5.7.pom
[INFO] Downloaded from central: https://repo.maven.apache.org/maven2/org/slf4j/jul-to-slf4j/1.5.7/jul-to-slf4j-1.5.7.pom (230 kB at 456 kB/s)
[INFO] Downloading from central: https://repo.maven.apache.org/maven2/ch/qos/logback/logback-classic/1.5.4/logback-classic-1.5.4.jar
[INFO] Downloaded from central: https://repo.maven.apache.org/maven2/ch/qos/logback/logback-classic/1.5.4/logback-classic-1.5.4.jar (3.2 MB at 615 kB/s)
[INFO] Downloading from central: https://repo.maven.apache.org/maven2/ch/qos/logback/logback-core/1.5.1/logback-core-1.5.1.pom
[INFO] Downloaded from central: https://repo.maven.apache.org/maven2/ch/qos/logback/logback-core/1.5.1/logback-core-1.5.1.pom (3.2 MB at 86 kB/s)
[INFO] Downloading from central: https://repo.maven.apache.org/maven2/com/fasterxml/jackson/core/jackson-databind/1.5.8/jackson-databind-1.5.8.jar
[INFO] Downloaded from central: https://repo.maven.apache.org/maven2/com/fasterxml/jackson/core/jackson-databind/1.5.8/jackson-databind-1.5.8.jar (48 kB at 578 kB/s)
[INFO] Downloading from central: https://repo.maven.apache.org/maven2/com/fasterxml/jackson/core/jackson-core/1.5.5/jackson-core-1.5.5.pom
[INFO] Downloaded from central: https://repo.maven.apache.org/maven2/com/fasterxml/jackson/core/jackson-core/1.5.5/jackson-core-1.5.5.pom (230 kB at 413 kB/s)
[INFO] Downloading from central: https://repo.maven.apache.org/maven2/com/fasterxml/jackson/core/jackson-annotations/1.5.2/jackson-annotations-1.5.2.jar
[INFO] Downloaded from central: https://repo.maven.apache.org/maven2/com/fasterxml/jackson/core/jackson-annotations/1.5.2/jackson-annotations-1.5.2.jar (48 kB at 610 kB/s)
[INFO] Downloading from central: https://repo.maven.apache.org/maven2/com/fasterxml/jackson/datatype/jackson-datatype-jsr310/1.5.9/jackson-datatype-jsr310-1.5.9.pom
[INFO] Downloaded from central: https://repo.maven.apache.org/maven2/com/fasterxml/jackson/datatype/jackson-datatype-jsr310/1.5.9/jackson-datatype-jsr310-1.5.9.pom (1.4 MB at 561 kB/s)
[INFO] Downloading from central: https://repo.maven.apache.org/maven2/org/apache/commons/commons-lang3/1.5.6/commons-lang3-1.5.6.jar
[INFO] Downloaded from central: https://repo.maven.apache.org/maven2/org/apache/commons/commons-lang3/1.5.6/commons-lang3-1.5.6.jar (92 kB at 228 kB/s)
[INFO] Downloading from central: https://repo.maven.apache.org/maven2/commons-io/commons-io/1.5.3/commons-io-1.5.3.pom
[INFO] Downloaded from central: https://repo.maven.apache.org/maven2/commons-io/commons-io/1.5.3/commons-io-1.5.3.pom (230 kB at 281 kB/s)
[INFO] Downloading from central: https://repo.maven.apache.org/maven2/commons-codec/commons-codec/1.5.0/commons-codec-1.5.0.jar
[INFO] Downloaded from central: https://repo.maven.apache.org/maven2/commons-codec/commons-codec/1.5.0/commons-codec-1.5.0.jar (1.4 MB at 374 kB/s)
[INFO] Downloading from central: https://repo.maven.apache.org/maven2/org/apache/commons/commons-collections4/1.5.7/commons-collections4-1.5.7.pom
[INFO] Downloaded from central: https://repo.maven.apache.org/maven2/org/apache/commons/commons-collections4/1.5.7/commons-collections4-1.5.7.pom (230 kB at 717 kB/s)
[INFO] Downloading from central: https://repo.maven.apache.org/maven2/org/codehaus/plexus/plexus-utils/1.5.4/plexus-utils-1.5.4.jar
[INFO] Downloaded from central: https://repo.maven.apache.org/maven2/org/codehaus/plexus/plexus-utils/1.5.4/plexus-utils-1.5.4.jar (92 kB at 293 kB/s)
[INFO] Downloading from central: https://repo.maven.apache.org/maven2/org/codehaus/plexus/plexus-interpolation/1.5.1/plexus-interpolation-1.5.1.pom
[INFO] Downloaded from central: https://repo.maven.apache.org/maven2/org/codehaus/plexus/plexus-interpolation/1.5.1/plexus-interpolation-1.5.1.pom (92 kB at 476 kB/s)
[INFO] Downloading from central: https://repo.maven.apache.org/maven2/org/codehaus/plexus/plexus-compiler-api/1.5.8/plexus-compiler-api-1.5.8.jar
[INFO] Downloaded from central: https://repo.maven.apache.org/maven2/org/codehaus/plexus/plexus-compiler-api/1.5.8/plexus-compiler-api-1.5.8.jar (3.2 MB at 427 kB/s)
[INFO] Downloading from central: https://repo.maven.apache.org/maven2/junit/junit/1.5.5/junit-1.5.5.pom
[INFO] Downloaded from central: https://repo.maven.apache.org/maven2/junit/junit/1.5.5/junit-1.5.5.pom (48 kB at 578 kB/s)
[INFO] Downloading from central: https://repo.maven.apache.org/maven2/org/hamcrest/hamcrest-core/1.5.2/hamcrest-core-1.5.2.jar
[INFO] Downloaded from central: https://repo.maven.apache.org/maven2/org/hamcrest/hamcrest-core/1.5.2/hamcrest-core-1.5.2.jar (92 kB at 49 kB/s)
[INFO] Downloading from central: https://repo.maven.apache.org/maven2/org/junit/jupiter/junit-jupiter-api/1.5.9/junit-jupiter-api-1.5.9.pom
[INFO] Downloaded from central: https://repo.maven.apache.org/maven2/org/junit/jupiter/junit-jupiter-api/1.5.9/junit-jupiter-api-1.5.9.pom (3.2 MB at 365 kB/s)
[INFO] Downloading from central: https://repo.maven.apache.org/maven2/org/junit/jupiter/junit-jupiter-engine/1.5.6/junit-jupiter-engine-1.5.6.jar
[INFO] Downloaded from central: https://repo.maven.apache.org/maven2/org/junit/jupiter/junit-jupiter-engine/1.5.6/junit-jupiter-engine-1.5.6.jar (92 kB at 836 kB/s)
[INFO] Downloading from central: https://repo.maven.apache.org/maven2/org/junit/platform/junit-platform-engine/1.5.3/junit-platform-engine-1.5.3.pom
[INFO] Downloaded from central: https://repo.maven.apache.org/maven2/org/junit/platform/junit-platform-engine/1.5.3/junit-platform-engine-1.5.3.pom (1.4 MB at 805 kB/s)
[INFO] Downloading from central: https://repo.maven.apache.org/maven2/org/opentest4j/opentest4j/1.5.0/opentest4j-1.5.0.jar
[INFO] Downloaded from central: https://repo.maven.apache.org/maven2/org/opentest4j/opentest4j/1.5.0/opentest4j-1.5.0.jar (5.1 kB at 222 kB/s)
[INFO] Downloading from central: https://repo.maven.apache.org/maven2/org/apiguardian/apiguardian-api/1.5.7/apiguardian-api-1.5.7.pom
[INFO] Downloaded from central: https://repo.maven.apache.org/maven2/org/apiguardian/apiguardian-api/1.5.7/apiguardian-api-1.5.7.pom (230 kB at 85 kB/s)
[INFO] Downloading from central: https://repo.maven.apache.org/maven2/org/mockito/mockito-core/1.5.4/mockito-core-1.5.4.jar
[INFO] Downloaded from central: https://repo.maven.apache.org/maven2/org/mockito/mockito-core/1.5.4/mockito-core-1.5.4.jar (5.1 kB at 368 kB/s)
[INFO] Downloading from central: https://repo.maven.apache.org/maven2/net/bytebuddy/byte-buddy/1.5.1/byte-buddy-1.5.1.pom
[INFO] Downloaded from central: https://repo.maven.apache.org/maven2/net/bytebuddy/byte-buddy/1.5.1/byte-buddy-1.5.1.pom (92 kB at 262 kB/s)
[INFO] Downloading from central: https://repo.maven.apache.org/maven2/org/objenesis/objenesis/1.5.8/objenesis-1.5.8.jar
[INFO] Downloaded from central: https://repo.maven.apache.org/maven2/org/objenesis/objenesis/1.5.8/objenesis-1.5.8.jar (48 kB at 519 kB/s)
[INFO] Downloading from central: https://repo.maven.apache.org/maven2/org/hibernate/validator/hibernate-validator/1.5.5/hibernate-validator-1.5.5.pom
[INFO] Downloaded from central: https://repo.maven.apache.org/maven2/org/hibernate/validator/hibernate-validator/1.5.5/hibernate-validator-1.5.5.pom (12 kB at 767 kB/s)
[INFO] Downloading from central: https://repo.maven.apache.org/maven2/javax/validation/validation-api/1.5.2/validation-api-1.5.2.jar
[INFO] Downloaded from central: https://repo.maven.apache.org/maven2/javax/validation/validation-api/1.5.2/validation-api-1.5.2.jar (5.1 kB at 180 kB/s)
[INFO] Downloading from central: https://repo.maven.apache.org/maven2/com/zaxxer/HikariCP/1.5.9/HikariCP-1.5.9.pom
[INFO] Downloaded from central: https://repo.maven.apache.org/maven2/com/zaxxer/HikariCP/1.5.9/HikariCP-1.5.9.pom (1.4 MB at 225 kB/s)
[INFO] Downloading from central: https://repo.maven.apache.org/maven2/org/postgresql/postgresql/1.5.6/postgresql-1.5.6.jar
[INFO] Downloaded from central: https://repo.maven.apache.org/maven2/org/postgresql/postgresql/1.5.6/postgresql-1.5.6.jar (5.1 kB at 595 kB/s)
[INFO] Downloading from central: https://repo.maven.apache.org/maven2/org/flywaydb/flyway-core/1.5.3/flyway-core-1.5.3.pom
[INFO] Downloaded from central: https://repo.maven.apache.org/maven2/org/flywaydb/flyway-core/1.5.3/flyway-core-1.5.3.pom (92 kB at 40 kB/s)
[INFO] Downloading from central: https://repo.maven.apache.org/maven2/org/jboss/logging/jboss-logging/1.5.0/jboss-logging-1.5.0.jar
[INFO] Downloaded from central: https://repo.maven.apache.org/maven2/org/jboss/logging/jboss-logging/1.5.0/jboss-logging-1.5.0.jar (3.2 MB at 296 kB/s)
[INFO] Downloading from central: https://repo.maven.apache.org/maven2/org/yaml/snakeyaml/1.5.7/snakeyaml-1.5.7.pom
[INFO] Downloaded from central: https://repo.maven.apache.org/maven2/org/yaml/snakeyaml/1.5.7/snakeyaml-1.5.7.pom (48 kB at 807 kB/s)
[INFO] Downloading from central: https://repo.maven.apache.org/maven2/org/apache/maven/plugins/maven-resources-plugin/2.0.4/maven-resources-plugin-2.0.4.jar
[INFO] Downloaded from central: https://repo.maven.apache.org/maven2/org/apache/maven/plugins/maven-resources-plugin/2.0.4/maven-resources-plugin-2.0.4.jar (12 kB at 289 kB/s)
[INFO] Downloading from central: https://repo.maven.apache.org/maven2/org/apache/maven/plugins/maven-compiler-plugin/2.0.1/maven-compiler-plugin-2.0.1.pom
[INFO] Downloaded from central: https://repo.maven.apache.org/maven2/org/apache/maven/plugins/maven-compiler-plugin/2.0.1/maven-compiler-plugin-2.0.1.pom (12 kB at 87 kB/s)
[INFO] Downloading from central: https://repo.maven.apache.org/maven2/org/apache/maven/plugins/maven-surefire-plugin/2.0.8/maven-surefire-plugin-2.0.8.jar
[INFO] Downloaded from central: https://repo.maven.apache.org/maven2/org/apache/maven/plugins/maven-surefire-plugin/2.0.8/maven-surefire-plugin-2.0.8.jar (230 kB at 112 kB/s)
[INFO] Downloading from central: https://repo.maven.apache.org/maven2/org/apache/maven/plugins/maven-jar-plugin/2.0.5/maven-jar-plugin-2.0.5.pom
[INFO] Downloaded from central: https://repo.maven.apache.org/maven2/org/apache/maven/plugins/maven-jar-plugin/2.0.5/maven-jar-plugin-2.0.5.pom (611 B at 750 kB/s)
[INFO] Downloading from central: https://repo.maven.apache.org/maven2/org/apache/maven/plugins/maven-install-plugin/2.0.2/maven-install-plugin-2.0.2.jar
[INFO] Downloaded from central: https://repo.maven.apache.org/maven2/org/apache/maven/plugins/maven-install-plugin/2.0.2/maven-install-plugin-2.0.2.jar (48 kB at 860 kB/s)
[INFO] Downloading from central: https://repo.maven.apache.org/maven2/org/apache/maven/plugins/maven-clean-plugin/2.0.9/maven-clean-plugin-2.0.9.pom
[INFO] Downloaded from central: https://repo.maven.apache.org/maven2/org/apache/maven/plugins/maven-clean-plugin/2.0.9/maven-clean-plugin-2.0.9.pom (611 B at 609 kB/s)
[INFO] Downloading from central: https://repo.maven.apache.org/maven2/org/apache/maven/surefire/surefire-junit-platform/2.0.6/surefire-junit-platform-2.0.6.jar
[INFO] Downloaded from central: https://repo.maven.apache.org/maven2/org/apache/maven/surefire/surefire-junit-platform/2.0.6/surefire-junit-platform-2.0.6.jar (12 kB at 216 kB/s)
[INFO] Downloading from central: https://repo.maven.apache.org/maven2/org/apache/maven/surefire/surefire-api/2.0.3/surefire-api-2.0.3.pom
[INFO] Downloaded from central: https://repo.maven.apache.org/maven2/org/apache/maven/surefire/surefire-api/2.0.3/surefire-api-2.0.3.pom (1.4 MB at 687 kB/s)
[INFO] Downloading from central: https://repo.maven.apache.org/maven2/org/apache/maven/surefire/maven-surefire-common/2.0.0/maven-surefire-common-2.0.0.jar
[INFO] Downloaded from central: https://repo.maven.apache.org/maven2/org/apache/maven/surefire/maven-surefire-common/2.0.0/maven-surefire-common-2.0.0.jar (5.1 kB at 299 kB/s)
[INFO] Downloading from central: https://repo.maven.apache.org/maven2/org/apache/maven/surefire/surefire-booter/2.0.7/surefire-booter-2.0.7.pom
[INFO] Downloaded from central: https://repo.maven.apache.org/maven2/org/apache/maven/surefire/surefire-booter/2.0.7/surefire-booter-2.0.7.pom (92 kB at 734 kB/s)
[INFO] Downloading from central: https://repo.maven.apache.org/maven2/com/google/guava/guava/2.0.4/guava-2.0.4.jar
[INFO] Downloaded from central: https://repo.maven.apache.org/maven2/com/google/guava/guava/2.0.4/guava-2.0.4.jar (5.1 kB at 245 kB/s)
[INFO] Downloading from central: https://repo.maven.apache.org/maven2/com/google/errorprone/error_prone_annotations/2.0.1/error_prone_annotations-2.0.1.pom
[INFO] Downloaded from central: https://repo.maven.apache.org/maven2/com/google/errorprone/error_prone_annotations/2.0.1/error_prone_annotations-2.0.1.pom (611 B at 515 kB/s)
[INFO] Downloading from central: https://repo.maven.apache.org/maven2/com/google/code/findbugs/jsr305/2.0.8/jsr305-2.0.8.jar
[INFO] Downloaded from central: https://repo.maven.apache.org/maven2/com/google/code/findbugs/jsr305/2.0.8/jsr305-2.0.8.jar (92 kB at 228 kB/s)
[INFO] Downloading from central: https://repo.maven.apache.org/maven2/org/checkerframework/checker-qual/2.0.5/checker-qual-2.0.5.pom
[INFO] Downloaded from central: https://repo.maven.apache.org/maven2/org/checkerframework/checker-qual/2.0.5/checker-qual-2.0.5.pom (1.4 MB at 297 kB/s)
[INFO] Downloading from central: https://repo.maven.apache.org/maven2/com/google/j2objc/j2objc-annotations/2.0.2/j2objc-annotations-2.0.2.jar
[INFO] Downloaded from central: https://repo.maven.apache.org/maven2/com/google/j2objc/j2objc-annotations/2.0.2/j2objc-annotations-2.0.2.jar (5.1 kB at 607 kB/s)
[INFO] Downloading from central: https://repo.maven.apache.org/maven2/org/slf4j/slf4j-api/2.0.9/slf4j-api-2.0.9.pom
[INFO] Downloaded from central: https://repo.maven.apache.org/maven2/org/slf4j/slf4j-api/2.0.9/slf4j-api-2.0.9.pom (5.1 kB at 171 kB/s)
[INFO] Downloading from central: https://repo.maven.apache.org/maven2/org/slf4j/jul-to-slf4j/2.0.6/jul-to-slf4j-2.0.6.jar
[INFO] Downloaded from central: https://repo.maven.apache.org/maven2/org/slf4j/jul-to-slf4j/2.0.6/jul-to-slf4j-2.0.6.jar (611 B at 828 kB/s)
[INFO] Downloading from central: https://repo.maven.apache.org/maven2/ch/qos/logback/logback-classic/2.0.3/logback-classic-2.0.3.pom
[INFO] Downloaded from central: https://repo.maven.apache.org/maven2/ch/qos/logback/logback-classic/2.0.3/logback-classic-2.0.3.pom (1.4 MB at 744 kB/s)
[INFO] Downloading from central: https://repo.maven.apache.org/maven2/ch/qos/logback/logback-core/2.0.0/logback-core-2.0.0.jar
[INFO] Downloaded from central: https://repo.maven.apache.org/maven2/ch/qos/logback/logback-core/2.0.0/logback-core-2.0.0.jar (5.1 kB at 639 kB/s)
[INFO] Downloading from central: https://repo.maven.apache.org/maven2/com/fasterxml/jackson/core/jackson-databind/2.0.7/jackson-databind-2.0.7.pom
[INFO] Downloaded from central: https://repo.maven.apache.org/maven2/com/fasterxml/jackson/core/jackson-databind/2.0.7/jackson-databind-2.0.7.pom (92 kB at 566 kB/s)
[INFO] Downloading from central: https://repo.maven.apache.org/maven2/com/fasterxml/jackson/core/jackson-core/2.0.4/jackson-core-2.0.4.jar
[INFO] Downloaded from central: https://repo.maven.apache.org/maven2/com/fasterxml/jackson/core/jackson-core/2.0.4/jackson-core-2.0.4.jar (48 kB at 372 kB/s)
[INFO] Downloading from central: https://repo.maven.apache.org/maven2/com/fasterxml/jackson/core/jackson-annotations/2.0.1/jackson-annotations-2.0.1.pom
[INFO] Downloaded from central: https://repo.maven.apache.org/maven2/com/fasterxml/jackson/core/jackson-annotations/2.0.1/jackson-annotations-2.0.1.pom (3.2 MB at 233 kB/s)
[INFO] Downloading from central: https://repo.maven.apache.org/maven2/com/fasterxml/jackson/datatype/jackson-datatype-jsr310/2.0.8/jackson-datatype-jsr310-2.0.8.jar
[INFO] Downloaded from central: https://repo.maven.apache.org/maven2/com/fasterxml/jackson/datatype/jackson-datatype-jsr310/2.0.8/jackson-datatype-jsr310-2.0.8.jar (92 kB at 777 kB/s)
[INFO] Downloading from central: https://repo.maven.apache.org/maven2/org/apache/commons/commons-lang3/2.0.5/commons-lang3-2.0.5.pom
[INFO] Downloaded from central: https://repo.maven.apache.org/maven2/org/apache/commons/commons-lang3/2.0.5/commons-lang3-2.0.5.pom (611 B at 300 kB/s)
[INFO] Downloading from central: https://repo.maven.apache.org/maven2/commons-io/commons-io/2.0.2/commons-io-2.0.2.jar
[INFO] Downloaded from central: https://repo.maven.apache.org/maven2/commons-io/commons-io/2.0.2/commons-io-2.0.2.jar (48 kB at 455 kB/s)
[INFO] Downloading from central: https://repo.maven.apache.org/maven2/commons-codec/commons-codec/2.0.9/commons-codec-2.0.9.pom
[INFO] Downloaded from central: https://repo.maven.apache.org/maven2/commons-codec/commons-codec/2.0.9/commons-codec-2.0.9.pom (1.4 MB at 58 kB/s)
[INFO] Downloading from central: https://repo.maven.apache.org/maven2/org/apache/commons/commons-collections4/2.0.6/commons-collections4-2.0.6.jar
[INFO] Downloaded from central: https://repo.maven.apache.org/maven2/org/apache/commons/commons-collections4/2.0.6/commons-collections4-2.0.6.jar (230 kB at 797 kB/s)
[INFO] Downloading from central: https://repo.maven.apache.org/maven2/org/codehaus/plexus/plexus-utils/2.0.3/plexus-utils-2.0.3.pom
[INFO] Downloaded from central: https://repo.maven.apache.org/maven2/org/codehaus/plexus/plexus-utils/2.0.3/plexus-utils-2.0.3.pom (5.1 kB at 187 kB/s)
[INFO] Downloading from central: https://repo.maven.apache.org/maven2/org/codehaus/plexus/plexus-interpolation/2.0.0/plexus-interpolation-2.0.0.jar
[INFO] Downloaded from central: https://repo.maven.apache.org/maven2/org/codehaus/plexus/plexus-interpolation/2.0.0/plexus-interpolation-2.0.0.jar (3.2 MB at 72 kB/s)
[INFO] Downloading from central: https://repo.maven.apache.org/maven2/org/codehaus/plexus/plexus-compiler-api/2.0.7/plexus-compiler-api-2.0.7.pom
[INFO] Downloaded from central: https://repo.maven.apache.org/maven2/org/codehaus/plexus/plexus-compiler-api/2.0.7/plexus-compiler-api-2.0.7.pom (12 kB at 125 kB/s)
[INFO] Downloading from central: https://repo.maven.apache.org/maven2/junit/junit/2.0.4/junit-2.0.4.jar
[INFO] Downloaded from central: https://repo.maven.apache.org/maven2/junit/junit/2.0.4/junit-2.0.4.jar (48 kB at 456 kB/s)
[INFO] Downloading from central: https://repo.maven.apache.org/maven2/org/hamcrest/hamcrest-core/2.0.1/hamcrest-core-2.0.1.pom
[INFO] Downloaded from central: https://repo.maven.apache.org/maven2/org/hamcrest/hamcrest-core/2.0.1/hamcrest-core-2.0.1.pom (1.4 MB at 410 kB/s)
[INFO] Downloading from central: https://repo.maven.apache.org/maven2/org/junit/jupiter/junit-jupiter-api/2.0.8/junit-jupiter-api-2.0.8.jar
[INFO] Downloaded from central: https://repo.maven.apache.org/maven2/org/junit/jupiter/junit-jupiter-api/2.0.8/junit-jupiter-api-2.0.8.jar (12 kB at 84 kB/s)
[INFO] Downloading from central: https://repo.maven.apache.org/maven2/org/junit/jupiter/junit-jupiter-engine/2.0.5/junit-jupiter-engine-2.0.5.pom
[INFO] Downloaded from central: https://repo.maven.apache.org/maven2/org/junit/jupiter/junit-jupiter-engine/2.0.5/junit-jupiter-engine-2.0.5.pom (611 B at 266 kB/s)
[INFO] Downloading from central: https://repo.maven.apache.org/maven2/org/junit/platform/junit-platform-engine/2.0.2/junit-platform-engine-2.0.2.jar
[INFO] Downloaded from central: https://repo.maven.apache.org/maven2/org/junit/platform/junit-platform-engine/2.0.2/junit-platform-engine-2.0.2.jar (48 kB at 271 kB/s)
[INFO] Downloading from central: https://repo.maven.apache.org/maven2/org/opentest4j/opentest4j/2.0.9/opentest4j-2.0.9.pom
[INFO] Downloaded from central: https://repo.maven.apache.org/maven2/org/opentest4j/opentest4j/2.0.9/opentest4j-2.0.9.pom (1.4 MB at 203 kB/s)
[INFO] Downloading from central: https://repo.maven.apache.org/maven2/org/apiguardian/apiguardian-api/2.0.6/apiguardian-api-2.0.6.jar
[INFO] Downloaded from central: https://repo.maven.apache.org/maven2/org/apiguardian/apiguardian-api/2.0.6/apiguardian-api-2.0.6.jar (611 B at 782 kB/s)
[INFO] Downloading from central: https://repo.maven.apache.org/maven2/org/mockito/mockito-core/2.0.3/mockito-core-2.0.3.pom
[INFO] Downloaded from central: https://repo.maven.apache.org/maven2/org/mockito/mockito-core/2.0.3/mockito-core-2.0.3.pom (611 B at 193 kB/s)
[INFO] Downloading from central: https://repo.maven.apache.org/maven2/net/bytebuddy/byte-buddy/2.0.0/byte-buddy-2.0.0.jar
[INFO] Downloaded from central: https://repo.maven.apache.org/maven2/net/bytebuddy/byte-buddy/2.0.0/byte-buddy-2.0.0.jar (92 kB at 79 kB/s)
[INFO] Downloading from central: https://repo.maven.apache.org/maven2/org/objenesis/objenesis/2.0.7/objenesis-2.0.7.pom
[INFO] Downloaded from central: https://repo.maven.apache.org/maven2/org/objenesis/objenesis/2.0.7/objenesis-2.0.7.pom (5.1 kB at 336 kB/s)
[INFO] Downloading from central: https://repo.maven.apache.org/maven2/org/hibernate/validator/hibernate-validator/2.0.4/hibernate-validator-2.0.4.jar
[INFO] Downloaded from central: https://repo.maven.apache.org/maven2/org/hibernate/validator/hibernate-validator/2.0.4/hibernate-validator-2.0.4.jar (12 kB at 183 kB/s)
[INFO] Downloading from central: https://repo.maven.apache.org/maven2/javax/validation/validation-api/2.0.1/validation-api-2.0.1.pom
[INFO] Downloaded from central: https://repo.maven.apache.org/maven2/javax/validation/validation-api/2.0.1/validation-api-2.0.1.pom (1.4 MB at 664 kB/s)
[INFO] Downloading from central: https://repo.maven.apache.org/maven2/com/zaxxer/HikariCP/2.0.8/HikariCP-2.0.8.jar
[INFO] Downloaded from central: https://repo.maven.apache.org/maven2/com/zaxxer/HikariCP/2.0.8/HikariCP-2.0.8.jar (230 kB at 882 kB/s)
[INFO] Downloading from central: https://repo.maven.apache.org/maven2/org/postgresql/postgresql/2.0.5/postgresql-2.0.5.pom
[INFO] Downloaded from central: https://repo.maven.apache.org/maven2/org/postgresql/postgresql/2.0.5/postgresql-2.0.5.pom (12 kB at 168 kB/s)
[INFO] Downloading from central: https://repo.maven.apache.org/maven2/org/flywaydb/flyway-core/2.0.2/flyway-core-2.0.2.jar
[INFO] Downloaded from central: https://repo.maven.apache.org/maven2/org/flywaydb/flyway-core/2.0.2/flyway-core-2.0.2.jar (230 kB at 744 kB/s)
[INFO] Downloading from central: https://repo.maven.apache.org/maven2/org/jboss/logging/jboss-logging/2.0.9/jboss-logging-2.0.9.pom
[INFO] Downloaded from central: https://repo.maven.apache.org/maven2/org/jboss/logging/jboss-logging/2.0.9/jboss-logging-2.0.9.pom (230 kB at 857 kB/s)
[INFO] Downloading from central: https://repo.maven.apache.org/maven2/org/yaml/snakeyaml/2.0.6/snakeyaml-2.0.6.jar
[INFO] Downloaded from central: https://repo.maven.apache.org/maven2/org/yaml/snakeyaml/2.0.6/snakeyaml-2.0.6.jar (1.4 MB at 86 kB/s)
[INFO] Downloading from central: https://repo.maven.apache.org/maven2/org/apache/maven/plugins/maven-resources-plugin/2.1.3/maven-resources-plugin-2.1.3.pom
[INFO] Downloaded from central: https://repo.maven.apache.org/maven2/org/apache/maven/plugins/maven-resources-plugin/2.1.3/maven-resources-plugin-2.1.3.pom (3.2 MB at 216 kB/s)
[INFO] Downloading from central: https://repo.maven.apache.org/maven2/org/apache/maven/plugins/maven-compiler-plugin/2.1.0/maven-compiler-plugin-2.1.0.jar
[INFO] Downloaded from central: https://repo.maven.apache.org/maven2/org/apache/maven/plugins/maven-compiler-plugin/2.1.0/maven-compiler-plugin-2.1.0.jar (230 kB at 69 kB/s)
[INFO] Downloading from central: https://repo.maven.apache.org/maven2/org/apache/maven/plugins/maven-surefire-plugin/2.1.7/maven-surefire-plugin-2.1.7.pom
[INFO] Downloaded from central: https://repo.maven.apache.org/maven2/org/apache/maven/plugins/maven-surefire-plugin/2.1.7/maven-surefire-plugin-2.1.7.pom (611 B at 857 kB/s)
[INFO] Downloading from central: https://repo.maven.apache.org/maven2/org/apache/maven/plugins/maven-jar-plugin/2.1.4/maven-jar-plugin-2.1.4.jar
[INFO] Downloaded from central: https://repo.maven.apache.org/maven2/org/apache/maven/plugins/maven-jar-plugin/2.1.4/maven-jar-plugin-2.1.4.jar (5.1 kB at 812 kB/s)
[INFO] Downloading from central: https://repo.maven.apache.org/maven2/org/apache/maven/plugins/maven-install-plugin/2.1.1/maven-install-plugin-2.1.1.pom
[INFO] Downloaded from central: https://repo.maven.apache.org/maven2/org/apache/maven/plugins/maven-install-plugin/2.1.1/maven-install-plugin-2.1.1.pom (230 kB at 522 kB/s)
[INFO] Downloading from central: https://repo.maven.apache.org/maven2/org/apache/maven/plugins/maven-clean-plugin/2.1.8/maven-clean-plugin-2.1.8.jar
[INFO] Downloaded from central: https://repo.maven.apache.org/maven2/org/apache/maven/plugins/maven-clean-plugin/2.1.8/maven-clean-plugin-2.1.8.jar (5.1 kB at 42 kB/s)
[INFO] Downloading from central: https://repo.maven.apache.org/maven2/org/apache/maven/surefire/surefire-junit-platform/2.1.5/surefire-junit-platform-2.1.5.pom
[INFO] Downloaded from central: https://repo.maven.apache.org/maven2/org/apache/maven/surefire/surefire-junit-platform/2.1.5/surefire-junit-platform-2.1.5.pom (12 kB at 341 kB/s)
[INFO] Downloading from central: https://repo.maven.apache.org/maven2/org/apache/maven/surefire/surefire-api/2.1.2/surefire-api-2.1.2.jar
[INFO] Downloaded from central: https://repo.maven.apache.org/maven2/org/apache/maven/surefire/surefire-api/2.1.2/surefire-api-2.1.2.jar (5.1 kB at 731 kB/s)
[INFO] Downloading from central: https://repo.maven.apache.org/maven2/org/apache/maven/surefire/maven-surefire-common/2.1.9/maven-surefire-common-2.1.9.pom
[INFO] Downloaded from central: https://repo.maven.apache.org/maven2/org/apache/maven/surefire/maven-surefire-common/2.1.9/maven-surefire-common-2.1.9.pom (48 kB at 850 kB/s)
[INFO] Downloading from central: https://repo.maven.apache.org/maven2/org/apache/maven/surefire/surefire-booter/2.1.6/surefire-booter-2.1.6.jar
[INFO] Downloaded from central: https://repo.maven.apache.org/maven2/org/apache/maven/surefire/surefire-booter/2.1.6/surefire-booter-2.1.6.jar (230 kB at 153 kB/s)
[INFO] Downloading from central: https://repo.maven.apache.org/maven2/com/google/guava/guava/2.1.3/guava-2.1.3.pom
[INFO] Downloaded from central: https://repo.maven.apache.org/maven2/com/google/guava/guava/2.1.3/guava-2.1.3.pom (12 kB at 878 kB/s)
[INFO] Downloading from central: https://repo.maven.apache.org/maven2/com/google/errorprone/error_prone_annotations/2.1.0/error_prone_annotations-2.1.0.jar
[INFO] Downloaded from central: https://repo.maven.apache.org/maven2/com/google/errorprone/error_prone_annotations/2.1.0/error_prone_annotations-2.1.0.jar (48 kB at 729 kB/s)
[INFO] Downloading from central: https://repo.maven.apache.org/maven2/com/google/code/findbugs/jsr305/2.1.7/jsr305-2.1.7.pom
[INFO] Downloaded from central: https://repo.maven.apache.org/maven2/com/google/code/findbugs/jsr305/2.1.7/jsr305-2.1.7.pom (611 B at 125 kB/s)
[INFO] Downloading from central: https://repo.maven.apache.org/maven2/org/checkerframework/checker-qual/2.1.4/checker-qual-2.1.4.jar
[INFO] Downloaded from central: https://repo.maven.apache.org/maven2/org/checkerframework/checker-qual/2.1.4/checker-qual-2.1.4.jar (5.1 kB at 148 kB/s)
[INFO] Downloading from central: https://repo.maven.apache.org/maven2/com/google/j2objc/j2objc-annotations/2.1.1/j2objc-annotations-2.1.1.pom
[INFO] Downloaded from central: https://repo.maven.apache.org/maven2/com/google/j2objc/j2objc-annotations/2.1.1/j2objc-annotations-2.1.1.pom (1.4 MB at 331 kB/s)
[INFO] Downloading from central: https://repo.maven.apache.org/maven2/org/slf4j/slf4j-api/2.1.8/slf4j-api-2.1.8.jar
[INFO] Downloaded from central: https://repo.maven.apache.org/maven2/org/slf4j/slf4j-api/2.1.8/slf4j-api-2.1.8.jar (92 kB at 423 kB/s)
[INFO] Downloading from central: https://repo.maven.apache.org/maven2/org/slf4j/jul-to-slf4j/2.1.5/jul-to-slf4j-2.1.5.pom
[INFO] Downloaded from central: https://repo.maven.apache.org/maven2/org/slf4j/jul-to-slf4j/2.1.5/jul-to-slf4j-2.1.5.pom (611 B at 437 kB/s)
[INFO] Downloading from central: https://repo.maven.apache.org/maven2/ch/qos/logback/logback-classic/2.1.2/logback-classic-2.1.2.jar
[INFO] Downloaded from central: https://repo.maven.apache.org/maven2/ch/qos/logback/logback-classic/2.1.2/logback-classic-2.1.2.jar (12 kB at 494 kB/s)
[INFO] Downloading from central: https://repo.maven.apache.org/maven2/ch/qos/logback/logback-core/2.1.9/logback-core-2.1.9.pom
[INFO] Downloaded from central: https://repo.maven.apache.org/maven2/ch/qos/logback/logback-core/2.1.9/logback-core-2.1.9.pom (1.4 MB at 732 kB/s)
[INFO] Downloading from central: https://repo.maven.apache.org/maven2/com/fasterxml/jackson/core/jackson-databind/2.1.6/jackson-databind-2.1.6.jar
[INFO] Downloaded from central: https://repo.maven.apache.org/maven2/com/fasterxml/jackson/core/jackson-databind/2.1.6/jackson-databind-2.1.6.jar (12 kB at 751 kB/s)
[INFO] Downloading from central: https://repo.maven.apache.org/maven2/com/fasterxml/jackson/core/jackson-core/2.1.3/jackson-core-2.1.3.pom
[INFO] Downloaded from central: https://repo.maven.apache.org/maven2/com/fasterxml/jackson/core/jackson-core/2.1.3/jackson-core-2.1.3.pom (12 kB at 717 kB/s)
[INFO] Downloading from central: https://repo.maven.apache.org/maven2/com/fasterxml/jackson/core/jackson-annotations/2.1.0/jackson-annotations-2.1.0.jar
[INFO] Downloaded from central: https://repo.maven.apache.org/maven2/com/fasterxml/jackson/core/jackson-annotations/2.1.0/jackson-annotations-2.1.0.jar (12 kB at 262 kB/s)
[INFO] Downloading from central: https://repo.maven.apache.org/maven2/com/fasterxml/jackson/datatype/jackson-datatype-jsr310/2.1.7/jackson-datatype-jsr310-2.1.7.pom
[INFO] Downloaded from central: https://repo.maven.apache.org/maven2/com/fasterxml/jackson/datatype/jackson-datatype-jsr310/2.1.7/jackson-datatype-jsr310-2.1.7.pom (1.4 MB at 501 kB/s)
[INFO] Downloading from central: https://repo.maven.apache.org/maven2/org/apache/commons/commons-lang3/2.1.4/commons-lang3-2.1.4.jar
[INFO] Downloaded from central: https://repo.maven.apache.org/maven2/org/apache/commons/commons-lang3/2.1.4/commons-lang3-2.1.4.jar (48 kB at 788 kB/s)
[INFO] Downloading from central: https://repo.maven.apache.org/maven2/commons-io/commons-io/2.1.1/commons-io-2.1.1.pom
[INFO] Downloaded from central: https://repo.maven.apache.org/maven2/commons-io/commons-io/2.1.1/commons-io-2.1.1.pom (1.4 MB at 348 kB/s)
[INFO] Downloading from central: https://repo.maven.apache.org/maven2/commons-codec/commons-codec/2.1.8/commons-codec-2.1.8.jar
[INFO] Downloaded from central: https://repo.maven.apache.org/maven2/commons-codec/commons-codec/2.1.8/commons-codec-2.1.8.jar (48 kB at 407 kB/s)
[INFO] Downloading from central: https://repo.maven.apache.org/maven2/org/apache/commons/commons-collections4/2.1.5/commons-collections4-2.1.5.pom
[INFO] Downloaded from central: https://repo.maven.apache.org/maven2/org/apache/commons/commons-collections4/2.1.5/commons-collections4-2.1.5.pom (48 kB at 259 kB/s)
[INFO] Downloading from central: https://repo.maven.apache.org/maven2/org/codehaus/plexus/plexus-utils/2.1.2/plexus-utils-2.1.2.jar
[INFO] Downloaded from central: https://repo.maven.apache.org/maven2/org/codehaus/plexus/plexus-utils/2.1.2/plexus-utils-2.1.2.jar (611 B at 137 kB/s)
[INFO] Downloading from central: https://repo.maven.apache.org/maven2/org/codehaus/plexus/plexus-interpolation/2.1.9/plexus-interpolation-2.1.9.pom
[INFO] Downloaded from central: https://repo.maven.apache.org/maven2/org/codehaus/plexus/plexus-interpolation/2.1.9/plexus-interpolation-2.1.9.pom (48 kB at 783 kB/s)
[INFO] Downloading from central: https://repo.maven.apache.org/maven2/org/codehaus/plexus/plexus-compiler-api/2.1.6/plexus-compiler-api-2.1.6.jar
[INFO] Downloaded from central: https://repo.maven.apache.org/maven2/org/codehaus/plexus/plexus-compiler-api/2.1.6/plexus-compiler-api-2.1.6.jar (12 kB at 636 kB/s)
[INFO] Downloading from central: https://repo.maven.apache.org/maven2/junit/junit/2.1.3/junit-2.1.3.pom
[INFO] Downloaded from central: https://repo.maven.apache.org/maven2/junit/junit/2.1.3/junit-2.1.3.pom (12 kB at 794 kB/s)
[INFO] Downloading from central: https://repo.maven.apache.org/maven2/org/hamcrest/hamcrest-core/2.1.0/hamcrest-core-2.1.0.jar
[INFO] Downloaded from central: https://repo.maven.apache.org/maven2/org/hamcrest/hamcrest-core/2.1.0/hamcrest-core-2.1.0.jar (230 kB at 587 kB/s)
[INFO] Downloading from central: https://repo.maven.apache.org/maven2/org/junit/jupiter/junit-jupiter-api/2.1.7/junit-jupiter-api-2.1.7.pom
[INFO] Downloaded from central: https://repo.maven.apache.org/maven2/org/junit/jupiter/junit-jupiter-api/2.1.7/junit-jupiter-api-2.1.7.pom (48 kB at 55 kB/s)
[INFO] Downloading from central: https://repo.maven.apache.org/maven2/org/junit/jupiter/junit-jupiter-engine/2.1.4/junit-jupiter-engine-2.1.4.jar
[INFO] Downloaded from central: https://repo.maven.apache.org/maven2/org/junit/jupiter/junit-jupiter-engine/2.1.4/junit-jupiter-engine-2.1.4.jar (12 kB at 494 kB/s)
[INFO] Downloading from central: https://repo.maven.apache.org/maven2/org/junit/platform/junit-platform-engine/2.1.1/junit-platform-engine-2.1.1.pom
[INFO] Downloaded from central: https://repo.maven.apache.org/maven2/org/junit/platform/junit-platform-engine/2.1.1/junit-platform-engine-2.1.1.pom (92 kB at 783 kB/s)
[INFO] Downloading from central: https://repo.maven.apache.org/maven2/org/opentest4j/opentest4j/2.1.8/opentest4j-2.1.8.jar
[INFO] Downloaded from central: https://repo.maven.apache.org/maven2/org/opentest4j/opentest4j/2.1.8/opentest4j-2.1.8.jar (3.2 MB at 234 kB/s)
[INFO] Downloading from central: https://repo.maven.apache.org/maven2/org/apiguardian/apiguardian-api/2.1.5/apiguardian-api-2.1.5.pom
[INFO] Downloaded from central: https://repo.maven.apache.org/maven2/org/apiguardian/apiguardian-api/2.1.5/apiguardian-api-2.1.5.pom (1.4 MB at 367 kB/s)
[INFO] Downloading from central: https://repo.maven.apache.org/maven2/org/mockito/mockito-core/2.1.2/mockito-core-2.1.2.jar
[INFO] Downloaded from central: https://repo.maven.apache.org/maven2/org/mockito/mockito-core/2.1.2/mockito-core-2.1.2.jar (611 B at 320 kB/s)
[INFO] Downloading from central: https://repo.maven.apache.org/maven2/net/bytebuddy/byte-buddy/2.1.9/byte-buddy-2.1.9.pom
[INFO] Downloaded from central: https://repo.maven.apache.org/maven2/net/bytebuddy/byte-buddy/2.1.9/byte-buddy-2.1.9.pom (1.4 MB at 189 kB/s)
[INFO] Downloading from central: https://repo.maven.apache.org/maven2/org/objenesis/objenesis/2.1.6/objenesis-2.1.6.jar
[INFO] Downloaded from central: https://repo.maven.apache.org/maven2/org/objenesis/objenesis/2.1.6/objenesis-2.1.6.jar (5.1 kB at 819 kB/s)
[INFO] Downloading from central: https://repo.maven.apache.org/maven2/org/hibernate/validator/hibernate-validator/2.1.3/hibernate-validator-2.1.3.pom
[INFO] Downloaded from central: https://repo.maven.apache.org/maven2/org/hibernate/validator/hibernate-validator/2.1.3/hibernate-validator-2.1.3.pom (48 kB at 408 kB/s)
[INFO] Downloading from central: https://repo.maven.apache.org/maven2/javax/validation/validation-api/2.1.0/validation-api-2.1.0.jar
[INFO] Downloaded from central: https://repo.maven.apache.org/maven2/javax/validation/validation-api/2.1.0/validation-api-2.1.0.jar (611 B at 159 kB/s)
[INFO] Downloading from central: https://repo.maven.apache.org/maven2/com/zaxxer/HikariCP/2.1.7/HikariCP-2.1.7.pom
[INFO] Downloaded from central: https://repo.maven.apache.org/maven2/com/zaxxer/HikariCP/2.1.7/HikariCP-2.1.7.pom (230 kB at 683 kB/s)
[INFO] Downloading from central: https://repo.maven.apache.org/maven2/org/postgresql/postgresql/2.1.4/postgresql-2.1.4.jar
[INFO] Downloaded from central: https://repo.maven.apache.org/maven2/org/postgresql/postgresql/2.1.4/postgresql-2.1.4.jar (5.1 kB at 782 kB/s)
[INFO] Downloading from central: https://repo.maven.apache.org/maven2/org/flywaydb/flyway-core/2.1.1/flyway-core-2.1.1.pom
[INFO] Downloaded from central: https://repo.maven.apache.org/maven2/org/flywaydb/flyway-core/2.1.1/flyway-core-2.1.1.pom (230 kB at 285 kB/s)
[INFO] Downloading from central: https://repo.maven.apache.org/maven2/org/jboss/logging/jboss-logging/2.1.8/jboss-logging-2.1.8.jar
[INFO] Downloaded from central: https://repo.maven.apache.org/maven2/org/jboss/logging/jboss-logging/2.1.8/jboss-logging-2.1.8.jar (611 B at 652 kB/s)
[INFO] Downloading from central: https://repo.maven.apache.org/maven2/org/yaml/snakeyaml/2.1.5/snakeyaml-2.1.5.pom
[INFO] Downloaded from central: https://repo.maven.apache.org/maven2/org/yaml/snakeyaml/2.1.5/snakeyaml-2.1.5.pom (1.4 MB at 318 kB/s)
[INFO] Downloading from central: https://repo.maven.apache.org/maven2/org/apache/maven/plugins/maven-resources-plugin/2.2.2/maven-resources-plugin-2.2.2.jar
[INFO] Downloaded from central: https://repo.maven.apache.org/maven2/org/apache/maven/plugins/maven-resources-plugin/2.2.2/maven-resources-plugin-2.2.2.jar (12 kB at 63 kB/s)
[INFO] Downloading from central: https://repo.maven.apache.org/maven2/org/apache/maven/plugins/maven-compiler-plugin/2.2.9/maven-compiler-plugin-2.2.9.pom
[INFO] Downloaded from central: https://repo.maven.apache.org/maven2/org/apache/maven/plugins/maven-compiler-plugin/2.2.9/maven-compiler-plugin-2.2.9.pom (92 kB at 692 kB/s)
[INFO] Downloading from central: https://repo.maven.apache.org/maven2/org/apache/maven/plugins/maven-surefire-plugin/2.2.6/maven-surefire-plugin-2.2.6.jar
[INFO] Downloaded from central: https://repo.maven.apache.org/maven2/org/apache/maven/plugins/maven-surefire-plugin/2.2.6/maven-surefire-plugin-2.2.6.jar (230 kB at 703 kB/s)
[INFO] Downloading from central: https://repo.maven.apache.org/maven2/org/apache/maven/plugins/maven-jar-plugin/2.2.3/maven-jar-plugin-2.2.3.pom
[INFO] Downloaded from central: https://repo.maven.apache.org/maven2/org/apache/maven/plugins/maven-jar-plugin/2.2.3/maven-jar-plugin-2.2.3.pom (5.1 kB at 587 kB/s)
[INFO] Downloading from central: https://repo.maven.apache.org/maven2/org/apache/maven/plugins/maven-install-plugin/2.2.0/maven-install-plugin-2.2.0.jar
[INFO] Downloaded from central: https://repo.maven.apache.org/maven2/org/apache/maven/plugins/maven-install-plugin/2.2.0/maven-install-plugin-2.2.0.jar (230 kB at 335 kB/s)
[INFO] Downloading from central: https://repo.maven.apache.org/maven2/org/apache/maven/plugins/maven-clean-plugin/2.2.7/maven-clean-plugin-2.2.7.pom
[INFO] Downloaded from central: https://repo.maven.apache.org/maven2/org/apache/maven/plugins/maven-clean-plugin/2.2.7/maven-clean-plugin-2.2.7.pom (92 kB at 806 kB/s)
[INFO] Downloading from central: https://repo.maven.apache.org/maven2/org/apache/maven/surefire/surefire-junit-platform/2.2.4/surefire-junit-platform-2.2.4.jar
[INFO] Downloaded from central: https://repo.maven.apache.org/maven2/org/apache/maven/surefire/surefire-junit-platform/2.2.4/surefire-junit-platform-2.2.4.jar (12 kB at 795 kB/s)
[INFO] Downloading from central: https://repo.maven.apache.org/maven2/org/apache/maven/surefire/surefire-api/2.2.1/surefire-api-2.2.1.pom
[INFO] Downloaded from central: https://repo.maven.apache.org/maven2/org/apache/maven/surefire/surefire-api/2.2.1/surefire-api-2.2.1.pom (5.1 kB at 597 kB/s)
[INFO] Downloading from central: https://repo.maven.apache.org/maven2/org/apache/maven/surefire/maven-surefire-common/2.2.8/maven-surefire-common-2.2.8.jar
[INFO] Downloaded from central: https://repo.maven.apache.org/maven2/org/apache/maven/surefire/maven-surefire-common/2.2.8/maven-surefire-common-2.2.8.jar (611 B at 456 kB/s)
[INFO] Downloading from central: https://repo.maven.apache.org/maven2/org/apache/maven/surefire/surefire-booter/2.2.5/surefire-booter-2.2.5.pom
[INFO] Downloaded from central: https://repo.maven.apache.org/maven2/org/apache/maven/surefire/surefire-booter/2.2.5/surefire-booter-2.2.5.pom (92 kB at 698 kB/s)
[INFO] Downloading from central: https://repo.maven.apache.org/maven2/com/google/guava/guava/2.2.2/guava-2.2.2.jar
[INFO] Downloaded from central: https://repo.maven.apache.org/maven2/com/google/guava/guava/2.2.2/guava-2.2.2.jar (12 kB at 487 kB/s)
[INFO] Downloading from central: https://repo.maven.apache.org/maven2/com/google/errorprone/error_prone_annotations/2.2.9/error_prone_annotations-2.2.9.pom
[INFO] Downloaded from central: https://repo.maven.apache.org/maven2/com/google/errorprone/error_prone_annotations/2.2.9/error_prone_annotations-2.2.9.pom (1.4 MB at 678 kB/s)
[INFO] Downloading from central: https://repo.maven.apache.org/maven2/com/google/code/findbugs/jsr305/2.2.6/jsr305-2.2.6.jar
[INFO] Downloaded from central: https://repo.maven.apache.org/maven2/com/google/code/findbugs/jsr305/2.2.6/jsr305-2.2.6.jar (92 kB at 827 kB/s)
[INFO] Downloading from central: https://repo.maven.apache.org/maven2/org/checkerframework/checker-qual/2.2.3/checker-qual-2.2.3.pom
[INFO] Downloaded from central: https://repo.maven.apache.org/maven2/org/checkerframework/checker-qual/2.2.3/checker-qual-2.2.3.pom (611 B at 267 kB/s)
[INFO] Downloading from central: https://repo.maven.apache.org/maven2/com/google/j2objc/j2objc-annotations/2.2.0/j2objc-annotations-2.2.0.jar
[INFO] Downloaded from central: https://repo.maven.apache.org/maven2/com/google/j2objc/j2objc-annotations/2.2.0/j2objc-annotations-2.2.0.jar (230 kB at 545 kB/s)
[INFO] Downloading from central: https://repo.maven.apache.org/maven2/org/slf4j/slf4j-api/2.2.7/slf4j-api-2.2.7.pom
[INFO] Downloaded from central: https://repo.maven.apache.org/maven2/org/slf4j/slf4j-api/2.2.7/slf4j-api-2.2.7.pom (12 kB at 648 kB/s)
[INFO] Downloading from central: https://repo.maven.apache.org/maven2/org/slf4j/jul-to-slf4j/2.2.4/jul-to-slf4j-2.2.4.jar
[INFO] Downloaded from central: https://repo.maven.apache.org/maven2/org/slf4j/jul-to-slf4j/2.2.4/jul-to-slf4j-2.2.4.jar (12 kB at 408 kB/s)
[INFO] Downloading from central: https://repo.maven.apache.org/maven2/ch/qos/logback/logback-classic/2.2.1/logback-classic-2.2.1.pom
[INFO] Downloaded from central: https://repo.maven.apache.org/maven2/ch/qos/logback/logback-classic/2.2.1/logback-classic-2.2.1.pom (12 kB at 784 kB/s)
[INFO] Downloading from central: https://repo.maven.apache.org/maven2/ch/qos/logback/logback-core/2.2.8/logback-core-2.2.8.jar
[INFO] Downloaded from central: https://repo.maven.apache.org/maven2/ch/qos/logback/logback-core/2.2.8/logback-core-2.2.8.jar (3.2 MB at 783 kB/s)
[INFO] Downloading from central: https://repo.maven.apache.org/maven2/com/fasterxml/jackson/core/jackson-databind/2.2.5/jackson-databind-2.2.5.pom
[INFO] Downloaded from central: https://repo.maven.apache.org/maven2/com/fasterxml/jackson/core/jackson-databind/2.2.5/jackson-databind-2.2.5.pom (48 kB at 898 kB/s)
[INFO] Downloading from central: https://repo.maven.apache.org/maven2/com/fasterxml/jackson/core/jackson-core/2.2.2/jackson-core-2.2.2.jar
[INFO] Downloaded from central: https://repo.maven.apache.org/maven2/com/fasterxml/jackson/core/jackson-core/2.2.2/jackson-core-2.2.2.jar (12 kB at 228 kB/s)
[INFO] Downloading from central: https://repo.maven.apache.org/maven2/com/fasterxml/jackson/core/jackson-annotations/2.2.9/jackson-annotations-2.2.9.pom
[INFO] Downloaded from central: https://repo.maven.apache.org/maven2/com/fasterxml/jackson/core/jackson-annotations/2.2.9/jackson-annotations-2.2.9.pom (92 kB at 59 kB/s)
[INFO] Downloading from central: https://repo.maven.apache.org/maven2/com/fasterxml/jackson/datatype/jackson-datatype-jsr310/2.2.6/jackson-datatype-jsr310-2.2.6.jar
[INFO] Downloaded from central: https://repo.maven.apache.org/maven2/com/fasterxml/jackson/datatype/jackson-datatype-jsr310/2.2.6/jackson-datatype-jsr310-2.2.6.jar (48 kB at 594 kB/s)
[INFO] Downloading from central: https://repo.maven.apache.org/maven2/org/apache/commons/commons-lang3/2.2.3/commons-lang3-2.2.3.pom
[INFO] Downloaded from central: https://repo.maven.apache.org/maven2/org/apache/commons/commons-lang3/2.2.3/commons-lang3-2.2.3.pom (5.1 kB at 868 kB/s)
[INFO] Downloading from central: https://repo.maven.apache.org/maven2/commons-io/commons-io/2.2.0/commons-io-2.2.0.jar
[INFO] Downloaded from central: https://repo.maven.apache.org/maven2/commons-io/commons-io/2.2.0/commons-io-2.2.0.jar (611 B at 40 kB/s)
[INFO] Downloading from central: https://repo.maven.apache.org/maven2/commons-codec/commons-codec/2.2.7/commons-codec-2.2.7.pom
[INFO] Downloaded from central: https://repo.maven.apache.org/maven2/commons-codec/commons-codec/2.2.7/commons-codec-2.2.7.pom (12 kB at 362 kB/s)
[INFO] Downloading from central: https://repo.maven.apache.org/maven2/org/apache/commons/commons-collections4/2.2.4/commons-collections4-2.2.4.jar
[INFO] Downloaded from central: https://repo.maven.apache.org/maven2/org/apache/commons/commons-collections4/2.2.4/commons-collections4-2.2.4.jar (5.1 kB at 635 kB/s)
[INFO] Downloading from central: https://repo.maven.apache.org/maven2/org/codehaus/plexus/plexus-utils/2.2.1/plexus-utils-2.2.1.pom
[INFO] Downloaded from central: https://repo.maven.apache.org/maven2/org/codehaus/plexus/plexus-utils/2.2.1/plexus-utils-2.2.1.pom (3.2 MB at 843 kB/s)
[INFO] Downloading from central: https://repo.maven.apache.org/maven2/org/codehaus/plexus/plexus-interpolation/2.2.8/plexus-interpolation-2.2.8.jar
[INFO] Downloaded from central: https://repo.maven.apache.org/maven2/org/codehaus/plexus/plexus-interpolation/2.2.8/plexus-interpolation-2.2.8.jar (611 B at 543 kB/s)
[INFO] Downloading from central: https://repo.maven.apache.org/maven2/org/codehaus/plexus/plexus-compiler-api/2.2.5/plexus-compiler-api-2.2.5.pom
[INFO] Downloaded from central: https://repo.maven.apache.org/maven2/org/codehaus/plexus/plexus-compiler-api/2.2.5/plexus-compiler-api-2.2.5.pom (48 kB at 789 kB/s)
[INFO] Downloading from central: https://repo.maven.apache.org/maven2/junit/junit/2.2.2/junit-2.2.2.jar
[INFO] Downloaded from central: https://repo.maven.apache.org/maven2/junit/junit/2.2.2/junit-2.2.2.jar (92 kB at 592 kB/s)
[INFO] Downloading from central: https://repo.maven.apache.org/maven2/org/hamcrest/hamcrest-core/2.2.9/hamcrest-core-2.2.9.pom
[INFO] Downloaded from central: https://repo.maven.apache.org/maven2/org/hamcrest/hamcrest-core/2.2.9/hamcrest-core-2.2.9.pom (48 kB at 515 kB/s)
[INFO] Downloading from central: https://repo.maven.apache.org/maven2/org/junit/jupiter/junit-jupiter-api/2.2.6/junit-jupiter-api-2.2.6.jar
[INFO] Downloaded from central: https://repo.maven.apache.org/maven2/org/junit/jupiter/junit-jupiter-api/2.2.6/junit-jupiter-api-2.2.6.jar (1.4 MB at 404 kB/s)
[INFO] Downloading from central: https://repo.maven.apache.org/maven2/org/junit/jupiter/junit-jupiter-engine/2.2.3/junit-jupiter-engine-2.2.3.pom
[INFO] Downloaded from central: https://repo.maven.apache.org/maven2/org/junit/jupiter/junit-jupiter-engine/2.2.3/junit-jupiter-engine-2.2.3.pom (1.4 MB at 86 kB/s)
[INFO] Downloading from central: https://repo.maven.apache.org/maven2/org/junit/platform/junit-platform-engine/2.2.0/junit-platform-engine-2.2.0.jar
[INFO] Downloaded from central: https://repo.maven.apache.org/maven2/org/junit/platform/junit-platform-engine/2.2.0/junit-platform-engine-2.2.0.jar (611 B at 319 kB/s)
[INFO] Downloading from central: https://repo.maven.apache.org/maven2/org/opentest4j/opentest4j/2.2.7/opentest4j-2.2.7.pom
[INFO] Downloaded from central: https://repo.maven.apache.org/maven2/org/opentest4j/opentest4j/2.2.7/opentest4j-2.2.7.pom (12 kB at 268 kB/s)
[INFO] Downloading from central: https://repo.maven.apache.org/maven2/org/apiguardian/apiguardian-api/2.2.4/apiguardian-api-2.2.4.jar
[INFO] Downloaded from central: https://repo.maven.apache.org/maven2/org/apiguardian/apiguardian-api/2.2.4/apiguardian-api-2.2.4.jar (12 kB at 691 kB/s)
[INFO] Downloading from central: https://repo.maven.apache.org/maven2/org/mockito/mockito-core/2.2.1/mockito-core-2.2.1.pom
[INFO] Downloaded from central: https://repo.maven.apache.org/maven2/org/mockito/mockito-core/2.2.1/mockito-core-2.2.1.pom (48 kB at 91 kB/s)
[INFO] Downloading from central: https://repo.maven.apache.org/maven2/net/bytebuddy/byte-buddy/2.2.8/byte-buddy-2.2.8.jar
[INFO] Downloaded from central: https://repo.maven.apache.org/maven2/net/bytebuddy/byte-buddy/2.2.8/byte-buddy-2.2.8.jar (5.1 kB at 560 kB/s)
[INFO] Downloading from central: https://repo.maven.apache.org/maven2/org/objenesis/objenesis/2.2.5/objenesis-2.2.5.pom
[INFO] Downloaded from central: https://repo.maven.apache.org/maven2/org/objenesis/objenesis/2.2.5/objenesis-2.2.5.pom (92 kB at 174 kB/s)
[INFO] Downloading from central: https://repo.maven.apache.org/maven2/org/hibernate/validator/hibernate-validator/2.2.2/hibernate-validator-2.2.2.jar
[INFO] Downloaded from central: https://repo.maven.apache.org/maven2/org/hibernate/validator/hibernate-validator/2.2.2/hibernate-validator-2.2.2.jar (12 kB at 745 kB/s)
[INFO] Downloading from central: https://repo.maven.apache.org/maven2/javax/validation/validation-api/2.2.9/validation-api-2.2.9.pom
[INFO] Downloaded from central: https://repo.maven.apache.org/maven2/javax/validation/validation-api/2.2.9/validation-api-2.2.9.pom (92 kB at 182 kB/s)
[INFO] Downloading from central: https://repo.maven.apache.org/maven2/com/zaxxer/HikariCP/2.2.6/HikariCP-2.2.6.jar
[INFO] Downloaded from central: https://repo.maven.apache.org/maven2/com/zaxxer/HikariCP/2.2.6/HikariCP-2.2.6.jar (92 kB at 305 kB/s)
[INFO] Downloading from central: https://repo.maven.apache.org/maven2/org/postgresql/postgresql/2.2.3/postgresql-2.2.3.pom
[INFO] Downloaded from central: https://repo.maven.apache.org/maven2/org/postgresql/postgresql/2.2.3/postgresql-2.2.3.pom (5.1 kB at 469 kB/s)
[INFO] Downloading from central: https://repo.maven.apache.org/maven2/org/flywaydb/flyway-core/2.2.0/flyway-core-2.2.0.jar
[INFO] Downloaded from central: https://repo.maven.apache.org/maven2/org/flywaydb/flyway-core/2.2.0/flyway-core-2.2.0.jar (12 kB at 769 kB/s)
[INFO] Downloading from central: https://repo.maven.apache.org/maven2/org/jboss/logging/jboss-logging/2.2.7/jboss-logging-2.2.7.pom
[INFO] Downloaded from central: https://repo.maven.apache.org/maven2/org/jboss/logging/jboss-logging/2.2.7/jboss-logging-2.2.7.pom (3.2 MB at 296 kB/s)
[INFO] Downloading from central: https://repo.maven.apache.org/maven2/org/yaml/snakeyaml/2.2.4/snakeyaml-2.2.4.jar
[INFO] Downloaded from central: https://repo.maven.apache.org/maven2/org/yaml/snakeyaml/2.2.4/snakeyaml-2.2.4.jar (611 B at 834 kB/s)
[INFO] Downloading from central: https://repo.maven.apache.org/maven2/org/apache/maven/plugins/maven-resources-plugin/2.3.1/maven-resources-plugin-2.3.1.pom
[INFO] Downloaded from central: https://repo.maven.apache.org/maven2/org/apache/maven/plugins/maven-resources-plugin/2.3.1/maven-resources-plugin-2.3.1.pom (230 kB at 378 kB/s)
[INFO] Downloading from central: https://repo.maven.apache.org/maven2/org/apache/maven/plugins/maven-compiler-plugin/2.3.8/maven-compiler-plugin-2.3.8.jar
[INFO] Downloaded from central: https://repo.maven.apache.org/maven2/org/apache/maven/plugins/maven-compiler-plugin/2.3.8/maven-compiler-plugin-2.3.8.jar (48 kB at 76 kB/s)
[INFO] Downloading from central: https://repo.maven.apache.org/maven2/org/apache/maven/plugins/maven-surefire-plugin/2.3.5/maven-surefire-plugin-2.3.5.pom
[INFO] Downloaded from central: https://repo.maven.apache.org/maven2/org/apache/maven/plugins/maven-surefire-plugin/2.3.5/maven-surefire-plugin-2.3.5.pom (48 kB at 186 kB/s)
[INFO] Downloading from central: https://repo.maven.apache.org/maven2/org/apache/maven/plugins/maven-jar-plugin/2.3.2/maven-jar-plugin-2.3.2.jar
[INFO] Downloaded from central: https://repo.maven.apache.org/maven2/org/apache/maven/plugins/maven-jar-plugin/2.3.2/maven-jar-plugin-2.3.2.jar (611 B at 335 kB/s)
[INFO] Downloading from central: https://repo.maven.apache.org/maven2/org/apache/maven/plugins/maven-install-plugin/2.3.9/maven-install-plugin-2.3.9.pom
[INFO] Downloaded from central: https://repo.maven.apache.org/maven2/org/apache/maven/plugins/maven-install-plugin/2.3.9/maven-install-plugin-2.3.9.pom (12 kB at 266 kB/s)
[INFO] Downloading from central: https://repo.maven.apache.org/maven2/org/apache/maven/plugins/maven-clean-plugin/2.3.6/maven-clean-plugin-2.3.6.jar
[INFO] Downloaded from central: https://repo.maven.apache.org/maven2/org/apache/maven/plugins/maven-clean-plugin/2.3.6/maven-clean-plugin-2.3.6.jar (92 kB at 494 kB/s)
[INFO] Downloading from central: https://repo.maven.apache.org/maven2/org/apache/maven/surefire/surefire-junit-platform/2.3.3/surefire-junit-platform-2.3.3.pom
[INFO] Downloaded from central: https://repo.maven.apache.org/maven2/org/apache/maven/surefire/surefire-junit-platform/2.3.3/surefire-junit-platform-2.3.3.pom (92 kB at 421 kB/s)
[INFO] Downloading from central: https://repo.maven.apache.org/maven2/org/apache/maven/surefire/surefire-api/2.3.0/surefire-api-2.3.0.jar
[INFO] Downloaded from central: https://repo.maven.apache.org/maven2/org/apache/maven/surefire/surefire-api/2.3.0/surefire-api-2.3.0.jar (611 B at 756 kB/s)
[INFO] Downloading from central: https://repo.maven.apache.org/maven2/org/apache/maven/surefire/maven-surefire-common/2.3.7/maven-surefire-common-2.3.7.pom
[INFO] Downloaded from central: https://repo.maven.apache.org/maven2/org/apache/maven/surefire/maven-surefire-common/2.3.7/maven-surefire-common-2.3.7.pom (5.1 kB at 782 kB/s)
[INFO] Downloading from central: https://repo.maven.apache.org/maven2/org/apache/maven/surefire/surefire-booter/2.3.4/surefire-booter-2.3.4.jar
[INFO] Downloaded from central: https://repo.maven.apache.org/maven2/org/apache/maven/surefire/surefire-booter/2.3.4/surefire-booter-2.3.4.jar (12 kB at 722 kB/s)
[INFO] Downloading from central: https://repo.maven.apache.org/maven2/com/google/guava/guava/2.3.1/guava-2.3.1.pom
[INFO] Downloaded from central: https://repo.maven.apache.org/maven2/com/google/guava/guava/2.3.1/guava-2.3.1.pom (611 B at 532 kB/s)
[INFO] Downloading from central: https://repo.maven.apache.org/maven2/com/google/errorprone/error_prone_annotations/2.3.8/error_prone_annotations-2.3.8.jar
[INFO] Downloaded from central: https://repo.maven.apache.org/maven2/com/google/errorprone/error_prone_annotations/2.3.8/error_prone_annotations-2.3.8.jar (5.1 kB at 245 kB/s)
[INFO] Downloading from central: https://repo.maven.apache.org/maven2/com/google/code/findbugs/jsr305/2.3.5/jsr305-2.3.5.pom
[INFO] Downloaded from central: https://repo.maven.apache.org/maven2/com/google/code/findbugs/jsr305/2.3.5/jsr305-2.3.5.pom (12 kB at 701 kB/s)
[INFO] Downloading from central: https://repo.maven.apache.org/maven2/org/checkerframework/checker-qual/2.3.2/checker-qual-2.3.2.jar
[INFO] Downloaded from central: https://repo.maven.apache.org/maven2/org/checkerframework/checker-qual/2.3.2/checker-qual-2.3.2.jar (92 kB at 349 kB/s)
[INFO] Downloading from central: https://repo.maven.apache.org/maven2/com/google/j2objc/j2objc-annotations/2.3.9/j2objc-annotations-2.3.9.pom
[INFO] Downloaded from central: https://repo.maven.apache.org/maven2/com/google/j2objc/j2objc-annotations/2.3.9/j2objc-annotations-2.3.9.pom (3.2 MB at 264 kB/s)
[INFO] Downloading from central: https://repo.maven.apache.org/maven2/org/slf4j/slf4j-api/2.3.6/slf4j-api-2.3.6.jar
[INFO] Downloaded from central: https://repo.maven.apache.org/maven2/org/slf4j/slf4j-api/2.3.6/slf4j-api-2.3.6.jar (230 kB at 82 kB/s)
[INFO] Downloading from central: https://repo.maven.apache.org/maven2/org/slf4j/jul-to-slf4j/2.3.3/jul-to-slf4j-2.3.3.pom
[INFO] Downloaded from central: https://repo.maven.apache.org/maven2/org/slf4j/jul-to-slf4j/2.3.3/jul-to-slf4j-2.3.3.pom (92 kB at 488 kB/s)
[INFO] Downloading from central: https://repo.maven.apache.org/maven2/ch/qos/logback/logback-classic/2.3.0/logback-classic-2.3.0.jar
[INFO] Downloaded from central: https://repo.maven.apache.org/maven2/ch/qos/logback/logback-classic/2.3.0/logback-classic-2.3.0.jar (230 kB at 273 kB/s)
[INFO] Downloading from central: https://repo.maven.apache.org/maven2/ch/qos/logback/logback-core/2.3.7/logback-core-2.3.7.pom
[INFO] Downloaded from central: https://repo.maven.apache.org/maven2/ch/qos/logback/logback-core/2.3.7/logback-core-2.3.7.pom (3.2 MB at 551 kB/s)
[INFO] Downloading from central: https://repo.maven.apache.org/maven2/com/fasterxml/jackson/core/jackson-databind/2.3.4/jackson-databind-2.3.4.jar
[INFO] Downloaded from central: https://repo.maven.apache.org/maven2/com/fasterxml/jackson/core/jackson-databind/2.3.4/jackson-databind-2.3.4.jar (48 kB at 377 kB/s)
[INFO] Downloading from central: https://repo.maven.apache.org/maven2/com/fasterxml/jackson/core/jackson-core/2.3.1/jackson-core-2.3.1.pom
[INFO] Downloaded from central: https://repo.maven.apache.org/maven2/com/fasterxml/jackson/core/jackson-core/2.3.1/jackson-core-2.3.1.pom (92 kB at 546 kB/s)
[INFO] Downloading from central: https://repo.maven.apache.org/maven2/com/fasterxml/jackson/core/jackson-annotations/2.3.8/jackson-annotations-2.3.8.jar
[INFO] Downloaded from central: https://repo.maven.apache.org/maven2/com/fasterxml/jackson/core/jackson-annotations/2.3.8/jackson-annotations-2.3.8.jar (1.4 MB at 327 kB/s)
[INFO] Downloading from central: https://repo.maven.apache.org/maven2/com/fasterxml/jackson/datatype/jackson-datatype-jsr310/2.3.5/jackson-datatype-jsr310-2.3.5.pom
[INFO] Downloaded from central: https://repo.maven.apache.org/maven2/com/fasterxml/jackson/datatype/jackson-datatype-jsr310/2.3.5/jackson-datatype-jsr310-2.3.5.pom (611 B at 775 kB/s)
[INFO] Downloading from central: https://repo.maven.apache.org/maven2/org/apache/commons/commons-lang3/2.3.2/commons-lang3-2.3.2.jar
[INFO] Downloaded from central: https://repo.maven.apache.org/maven2/org/apache/commons/commons-lang3/2.3.2/commons-lang3-2.3.2.jar (48 kB at 146 kB/s)
[INFO] Downloading from central: https://repo.maven.apache.org/maven2/commons-io/commons-io/2.3.9/commons-io-2.3.9.pom
[INFO] Downloaded from central: https://repo.maven.apache.org/maven2/commons-io/commons-io/2.3.9/commons-io-2.3.9.pom (230 kB at 849 kB/s)
[INFO] Downloading from central: https://repo.maven.apache.org/maven2/commons-codec/commons-codec/2.3.6/commons-codec-2.3.6.jar
[INFO] Downloaded from central: https://repo.maven.apache.org/maven2/commons-codec/commons-codec/2.3.6/commons-codec-2.3.6.jar (611 B at 683 kB/s)
[INFO] Downloading from central: https://repo.maven.apache.org/maven2/org/apache/commons/commons-collections4/2.3.3/commons-collections4-2.3.3.pom
[INFO] Downloaded from central: https://repo.maven.apache.org/maven2/org/apache/commons/commons-collections4/2.3.3/commons-collections4-2.3.3.pom (3.2 MB at 793 kB/s)
[INFO] Downloading from central: https://repo.maven.apache.org/maven2/org/codehaus/plexus/plexus-utils/2.3.0/plexus-utils-2.3.0.jar
[INFO] Downloaded from central: https://repo.maven.apache.org/maven2/org/codehaus/plexus/plexus-utils/2.3.0/plexus-utils-2.3.0.jar (92 kB at 179 kB/s)
[INFO] Downloading from central: https://repo.maven.apache.org/maven2/org/codehaus/plexus/plexus-interpolation/2.3.7/plexus-interpolation-2.3.7.pom
[INFO] Downloaded from central: https://repo.maven.apache.org/maven2/org/codehaus/plexus/plexus-interpolation/2.3.7/plexus-interpolation-2.3.7.pom (48 kB at 233 kB/s)
[INFO] Downloading from central: https://repo.maven.apache.org/maven2/org/codehaus/plexus/plexus-compiler-api/2.3.4/plexus-compiler-api-2.3.4.jar
[INFO] Downloaded from central: https://repo.maven.apache.org/maven2/org/codehaus/plexus/plexus-compiler-api/2.3.4/plexus-compiler-api-2.3.4.jar (3.2 MB at 270 kB/s)
[INFO] Downloading from central: https://repo.maven.apache.org/maven2/junit/junit/2.3.1/junit-2.3.1.pom
[INFO] Downloaded from central: https://repo.maven.apache.org/maven2/junit/junit/2.3.1/junit-2.3.1.pom (12 kB at 706 kB/s)
[INFO] Downloading from central: https://repo.maven.apache.org/maven2/org/hamcrest/hamcrest-core/2.3.8/hamcrest-core-2.3.8.jar
[INFO] Downloaded from central: https://repo.maven.apache.org/maven2/org/hamcrest/hamcrest-core/2.3.8/hamcrest-core-2.3.8.jar (611 B at 701 kB/s)
[INFO] Downloading from central: https://repo.maven.apache.org/maven2/org/junit/jupiter/junit-jupiter-api/2.3.5/junit-jupiter-api-2.3.5.pom
[INFO] Downloaded from central: https://repo.maven.apache.org/maven2/org/junit/jupiter/junit-jupiter-api/2.3.5/junit-jupiter-api-2.3.5.pom (5.1 kB at 202 kB/s)
[INFO] Downloading from central: https://repo.maven.apache.org/maven2/org/junit/jupiter/junit-jupiter-engine/2.3.2/junit-jupiter-engine-2.3.2.jar
[INFO] Downloaded from central: https://repo.maven.apache.org/maven2/org/junit/jupiter/junit-jupiter-engine/2.3.2/junit-jupiter-engine-2.3.2.jar (92 kB at 212 kB/s)
[INFO] Downloading from central: https://repo.maven.apache.org/maven2/org/junit/platform/junit-platform-engine/2.3.9/junit-platform-engine-2.3.9.pom
[INFO] Downloaded from central: https://repo.maven.apache.org/maven2/org/junit/platform/junit-platform-engine/2.3.9/junit-platform-engine-2.3.9.pom (92 kB at 729 kB/s)
[INFO] Downloading from central: https://repo.maven.apache.org/maven2/org/opentest4j/opentest4j/2.3.6/opentest4j-2.3.6.jar
[INFO] Downloaded from central: https://repo.maven.apache.org/maven2/org/opentest4j/opentest4j/2.3.6/opentest4j-2.3.6.jar (230 kB at 652 kB/s)
[INFO] Downloading from central: https://repo.maven.apache.org/maven2/org/apiguardian/apiguardian-api/2.3.3/apiguardian-api-2.3.3.pom
[INFO] Downloaded from central: https://repo.maven.apache.org/maven2/org/apiguardian/apiguardian-api/2.3.3/apiguardian-api-2.3.3.pom (48 kB at 353 kB/s)
[INFO] Downloading from central: https://repo.maven.apache.org/maven2/org/mockito/mockito-core/2.3.0/mockito-core-2.3.0.jar
[INFO] Downloaded from central: https://repo.maven.apache.org/maven2/org/mockito/mockito-core/2.3.0/mockito-core-2.3.0.jar (12 kB at 679 kB/s)
[INFO] Downloading from central: https://repo.maven.apache.org/maven2/net/bytebuddy/byte-buddy/2.3.7/byte-buddy-2.3.7.pom
[INFO] Downloaded from central: https://repo.maven.apache.org/maven2/net/bytebuddy/byte-buddy/2.3.7/byte-buddy-2.3.7.pom (12 kB at 330 kB/s)
[INFO] Downloading from central: https://repo.maven.apache.org/maven2/org/objenesis/objenesis/2.3.4/objenesis-2.3.4.jar
[INFO] Downloaded from central: https://repo.maven.apache.org/maven2/org/objenesis/objenesis/2.3.4/objenesis-2.3.4.jar (3.2 MB at 580 kB/s)
[INFO] Downloading from central: https://repo.maven.apache.org/maven2/org/hibernate/validator/hibernate-validator/2.3.1/hibernate-validator-2.3.1.pom
[INFO] Downloaded from central: https://repo.maven.apache.org/maven2/org/hibernate/validator/hibernate-validator/2.3.1/hibernate-validator-2.3.1.pom (5.1 kB at 419 kB/s)
[INFO] Downloading from central: https://repo.maven.apache.org/maven2/javax/validation/validation-api/2.3.8/validation-api-2.3.8.jar
[INFO] Downloaded from central: https://repo.maven.apache.org/maven2/javax/validation/validation-api/2.3.8/validation-api-2.3.8.jar (230 kB at 767 kB/s)
[INFO] Downloading from central: https://repo.maven.apache.org/maven2/com/zaxxer/HikariCP/2.3.5/HikariCP-2.3.5.pom
[INFO] Downloaded from central: https://repo.maven.apache.org/maven2/com/zaxxer/HikariCP/2.3.5/HikariCP-2.3.5.pom (230 kB at 419 kB/s)
[INFO] Downloading from central: https://repo.maven.apache.org/maven2/org/postgresql/postgresql/2.3.2/postgresql-2.3.2.jar
[INFO] Downloaded from central: https://repo.maven.apache.org/maven2/org/postgresql/postgresql/2.3.2/postgresql-2.3.2.jar (92 kB at 818 kB/s)
[INFO] Downloading from central: https://repo.maven.apache.org/maven2/org/flywaydb/flyway-core/2.3.9/flyway-core-2.3.9.pom
[INFO] Downloaded from central: https://repo.maven.apache.org/maven2/org/flywaydb/flyway-core/2.3.9/flyway-core-2.3.9.pom (12 kB at 356 kB/s)
[INFO] Downloading from central: https://repo.maven.apache.org/maven2/org/jboss/logging/jboss-logging/2.3.6/jboss-logging-2.3.6.jar
[INFO] Downloaded from central: https://repo.maven.apache.org/maven2/org/jboss/logging/jboss-logging/2.3.6/jboss-logging-2.3.6.jar (5.1 kB at 659 kB/s)
[INFO] Downloading from central: https://repo.maven.apache.org/maven2/org/yaml/snakeyaml/2.3.3/snakeyaml-2.3.3.pom
[INFO] Downloaded from central: https://repo.maven.apache.org/maven2/org/yaml/snakeyaml/2.3.3/snakeyaml-2.3.3.pom (1.4 MB at 498 kB/s)
[INFO] Downloading from central: https://repo.maven.apache.org/maven2/org/apache/maven/plugins/maven-resources-plugin/2.4.0/maven-resources-plugin-2.4.0.jar
[INFO] Downloaded from central: https://repo.maven.apache.org/maven2/org/apache/maven/plugins/maven-resources-plugin/2.4.0/maven-resources-plugin-2.4.0.jar (5.1 kB at 897 kB/s)
[INFO] Downloading from central: https://repo.maven.apache.org/maven2/org/apache/maven/plugins/maven-compiler-plugin/2.4.7/maven-compiler-plugin-2.4.7.pom
[INFO] Downloaded from central: https://repo.maven.apache.org/maven2/org/apache/maven/plugins/maven-compiler-plugin/2.4.7/maven-compiler-plugin-2.4.7.pom (92 kB at 106 kB/s)
[INFO] Downloading from central: https://repo.maven.apache.org/maven2/org/apache/maven/plugins/maven-surefire-plugin/2.4.4/maven-surefire-plugin-2.4.4.jar
[INFO] Downloaded from central: https://repo.maven.apache.org/maven2/org/apache/maven/plugins/maven-surefire-plugin/2.4.4/maven-surefire-plugin-2.4.4.jar (611 B at 606 kB/s)
[INFO] Downloading from central: https://repo.maven.apache.org/maven2/org/apache/maven/plugins/maven-jar-plugin/2.4.1/maven-jar-plugin-2.4.1.pom
[INFO] Downloaded from central: https://repo.maven.apache.org/maven2/org/apache/maven/plugins/maven-jar-plugin/2.4.1/maven-jar-plugin-2.4.1.pom (12 kB at 566 kB/s)
[INFO] Downloading from central: https://repo.maven.apache.org/maven2/org/apache/maven/plugins/maven-install-plugin/2.4.8/maven-install-plugin-2.4.8.jar
[INFO] Downloaded from central: https://repo.maven.apache.org/maven2/org/apache/maven/plugins/maven-install-plugin/2.4.8/maven-install-plugin-2.4.8.jar (3.2 MB at 822 kB/s)
[INFO] Downloading from central: https://repo.maven.apache.org/maven2/org/apache/maven/plugins/maven-clean-plugin/2.4.5/maven-clean-plugin-2.4.5.pom
[INFO] Downloaded from central: https://repo.maven.apache.org/maven2/org/apache/maven/plugins/maven-clean-plugin/2.4.5/maven-clean-plugin-2.4.5.pom (48 kB at 198 kB/s)
[INFO] Downloading from central: https://repo.maven.apache.org/maven2/org/apache/maven/surefire/surefire-junit-platform/2.4.2/surefire-junit-platform-2.4.2.jar
[INFO] Downloaded from central: https://repo.maven.apache.org/maven2/org/apache/maven/surefire/surefire-junit-platform/2.4.2/surefire-junit-platform-2.4.2.jar (230 kB at 327 kB/s)
[INFO] Downloading from central: https://repo.maven.apache.org/maven2/org/apache/maven/surefire/surefire-api/2.4.9/surefire-api-2.4.9.pom
[INFO] Downloaded from central: https://repo.maven.apache.org/maven2/org/apache/maven/surefire/surefire-api/2.4.9/surefire-api-2.4.9.pom (48 kB at 120 kB/s)
[INFO] Downloading from central: https://repo.maven.apache.org/maven2/org/apache/maven/surefire/maven-surefire-common/2.4.6/maven-surefire-common-2.4.6.jar
[INFO] Downloaded from central: https://repo.maven.apache.org/maven2/org/apache/maven/surefire/maven-surefire-common/2.4.6/maven-surefire-common-2.4.6.jar (3.2 MB at 888 kB/s)
[INFO] Downloading from central: https://repo.maven.apache.org/maven2/org/apache/maven/surefire/surefire-booter/2.4.3/surefire-booter-2.4.3.pom
[INFO] Downloaded from central: https://repo.maven.apache.org/maven2/org/apache/maven/surefire/surefire-booter/2.4.3/surefire-booter-2.4.3.pom (5.1 kB at 520 kB/s)
[INFO] Downloading from central: https://repo.maven.apache.org/maven2/com/google/guava/guava/2.4.0/guava-2.4.0.jar
[INFO] Downloaded from central: https://repo.maven.apache.org/maven2/com/google/guava/guava/2.4.0/guava-2.4.0.jar (92 kB at 757 kB/s)
[INFO] Downloading from central: https://repo.maven.apache.org/maven2/com/google/errorprone/error_prone_annotations/2.4.7/error_prone_annotations-2.4.7.pom
[INFO] Downloaded from central: https://repo.maven.apache.org/maven2/com/google/errorprone/error_prone_annotations/2.4.7/error_prone_annotations-2.4.7.pom (12 kB at 67 kB/s)
[INFO] Downloading from central: https://repo.maven.apache.org/maven2/com/google/code/findbugs/jsr305/2.4.4/jsr305-2.4.4.jar
[INFO] Downloaded from central: https://repo.maven.apache.org/maven2/com/google/code/findbugs/jsr305/2.4.4/jsr305-2.4.4.jar (1.4 MB at 705 kB/s)
[INFO] Downloading from central: https://repo.maven.apache.org/maven2/org/checkerframework/checker-qual/2.4.1/checker-qual-2.4.1.pom
[INFO] Downloaded from central: https://repo.maven.apache.org/maven2/org/checkerframework/checker-qual/2.4.1/checker-qual-2.4.1.pom (230 kB at 509 kB/s)
[INFO] Downloading from central: https://repo.maven.apache.org/maven2/com/google/j2objc/j2objc-annotations/2.4.8/j2objc-annotations-2.4.8.jar
[INFO] Downloaded from central: https://repo.maven.apache.org/maven2/com/google/j2objc/j2objc-annotations/2.4.8/j2objc-annotations-2.4.8.jar (12 kB at 350 kB/s)
[INFO] Downloading from central: https://repo.maven.apache.org/maven2/org/slf4j/slf4j-api/2.4.5/slf4j-api-2.4.5.pom
[INFO] Downloaded from central: https://repo.maven.apache.org/maven2/org/slf4j/slf4j-api/2.4.5/slf4j-api-2.4.5.pom (611 B at 396 kB/s)
[INFO] Downloading from central: https://repo.maven.apache.org/maven2/org/slf4j/jul-to-slf4j/2.4.2/jul-to-slf4j-2.4.2.jar
[INFO] Downloaded from central: https://repo.maven.apache.org/maven2/org/slf4j/jul-to-slf4j/2.4.2/jul-to-slf4j-2.4.2.jar (230 kB at 626 kB/s)
[INFO] Downloading from central: https://repo.maven.apache.org/maven2/ch/qos/logback/logback-classic/2.4.9/logback-classic-2.4.9.pom
[INFO] Downloaded from central: https://repo.maven.apache.org/maven2/ch/qos/logback/logback-classic/2.4.9/logback-classic-2.4.9.pom (1.4 MB at 145 kB/s)
[INFO] Downloading from central: https://repo.maven.apache.org/maven2/ch/qos/logback/logback-core/2.4.6/logback-core-2.4.6.jar
[INFO] Downloaded from central: https://repo.maven.apache.org/maven2/ch/qos/logback/logback-core/2.4.6/logback-core-2.4.6.jar (12 kB at 137 kB/s)
[INFO] Downloading from central: https://repo.maven.apache.org/maven2/com/fasterxml/jackson/core/jackson-databind/2.4.3/jackson-databind-2.4.3.pom
[INFO] Downloaded from central: https://repo.maven.apache.org/maven2/com/fasterxml/jackson/core/jackson-databind/2.4.3/jackson-databind-2.4.3.pom (1.4 MB at 771 kB/s)
[INFO] Downloading from central: https://repo.maven.apache.org/maven2/com/fasterxml/jackson/core/jackson-core/2.4.0/jackson-core-2.4.0.jar
[INFO] Downloaded from central: https://repo.maven.apache.org/maven2/com/fasterxml/jackson/core/jackson-core/2.4.0/jackson-core-2.4.0.jar (1.4 MB at 815 kB/s)
[INFO] Downloading from central: https://repo.maven.apache.org/maven2/com/fasterxml/jackson/core/jackson-annotations/2.4.7/jackson-annotations-2.4.7.pom
[INFO] Downloaded from central: https://repo.maven.apache.org/maven2/com/fasterxml/jackson/core/jackson-annotations/2.4.7/jackson-annotations-2.4.7.pom (1.4 MB at 322 kB/s)
[INFO] Downloading from central: https://repo.maven.apache.org/maven2/com/fasterxml/jackson/datatype/jackson-datatype-jsr310/2.4.4/jackson-datatype-jsr310-2.4.4.jar
[INFO] Downloaded from central: https://repo.maven.apache.org/maven2/com/fasterxml/jackson/datatype/jackson-datatype-jsr310/2.4.4/jackson-datatype-jsr310-2.4.4.jar (611 B at 363 kB/s)
[INFO] Downloading from central: https://repo.maven.apache.org/maven2/org/apache/commons/commons-lang3/2.4.1/commons-lang3-2.4.1.pom
[INFO] Downloaded from central: https://repo.maven.apache.org/maven2/org/apache/commons/commons-lang3/2.4.1/commons-lang3-2.4.1.pom (48 kB at 437 kB/s)
[INFO] Downloading from central: https://repo.maven.apache.org/maven2/commons-io/commons-io/2.4.8/commons-io-2.4.8.jar
[INFO] Downloaded from central: https://repo.maven.apache.org/maven2/commons-io/commons-io/2.4.8/commons-io-2.4.8.jar (48 kB at 531 kB/s)
[INFO] Downloading from central: https://repo.maven.apache.org/maven2/commons-codec/commons-codec/2.4.5/commons-codec-2.4.5.pom
[INFO] Downloaded from central: https://repo.maven.apache.org/maven2/commons-codec/commons-codec/2.4.5/commons-codec-2.4.5.pom (1.4 MB at 408 kB/s)
[INFO] Downloading from central: https://repo.maven.apache.org/maven2/org/apache/commons/commons-collections4/2.4.2/commons-collections4-2.4.2.jar
[INFO] Downloaded from central: https://repo.maven.apache.org/maven2/org/apache/commons/commons-collections4/2.4.2/commons-collections4-2.4.2.jar (3.2 MB at 406 kB/s)
[INFO] Downloading from central: https://repo.maven.apache.org/maven2/org/codehaus/plexus/plexus-utils/2.4.9/plexus-utils-2.4.9.pom
[INFO] Downloaded from central: https://repo.maven.apache.org/maven2/org/codehaus/plexus/plexus-utils/2.4.9/plexus-utils-2.4.9.pom (3.2 MB at 601 kB/s)
[INFO] Downloading from central: https://repo.maven.apache.org/maven2/org/codehaus/plexus/plexus-interpolation/2.4.6/plexus-interpolation-2.4.6.jar
[INFO] Downloaded from central: https://repo.maven.apache.org/maven2/org/codehaus/plexus/plexus-interpolation/2.4.6/plexus-interpolation-2.4.6.jar (12 kB at 84 kB/s)
[INFO] Downloading from central: https://repo.maven.apache.org/maven2/org/codehaus/plexus/plexus-compiler-api/2.4.3/plexus-compiler-api-2.4.3.pom
[INFO] Downloaded from central: https://repo.maven.apache.org/maven2/org/codehaus/plexus/plexus-compiler-api/2.4.3/plexus-compiler-api-2.4.3.pom (1.4 MB at 612 kB/s)
[INFO] Downloading from central: https://repo.maven.apache.org/maven2/junit/junit/2.4.0/junit-2.4.0.jar
[INFO] Downloaded from central: https://repo.maven.apache.org/maven2/junit/junit/2.4.0/junit-2.4.0.jar (92 kB at 54 kB/s)
[INFO] Downloading from central: https://repo.maven.apache.org/maven2/org/hamcrest/hamcrest-core/2.4.7/hamcrest-core-2.4.7.pom
[INFO] Downloaded from central: https://repo.maven.apache.org/maven2/org/hamcrest/hamcrest-core/2.4.7/hamcrest-core-2.4.7.pom (5.1 kB at 217 kB/s)
[INFO] Downloading from central: https://repo.maven.apache.org/maven2/org/junit/jupiter/junit-jupiter-api/2.4.4/junit-jupiter-api-2.4.4.jar
[INFO] Downloaded from central: https://repo.maven.apache.org/maven2/org/junit/jupiter/junit-jupiter-api/2.4.4/junit-jupiter-api-2.4.4.jar (48 kB at 258 kB/s)
[INFO] Downloading from central: https://repo.maven.apache.org/maven2/org/junit/jupiter/junit-jupiter-engine/2.4.1/junit-jupiter-engine-2.4.1.pom
[INFO] Downloaded from central: https://repo.maven.apache.org/maven2/org/junit/jupiter/junit-jupiter-engine/2.4.1/junit-jupiter-engine-2.4.1.pom (3.2 MB at 720 kB/s)
[INFO] Downloading from central: https://repo.maven.apache.org/maven2/org/junit/platform/junit-platform-engine/2.4.8/junit-platform-engine-2.4.8.jar
[INFO] Downloaded from central: https://repo.maven.apache.org/maven2/org/junit/platform/junit-platform-engine/2.4.8/junit-platform-engine-2.4.8.jar (230 kB at 393 kB/s)
[INFO] Downloading from central: https://repo.maven.apache.org/maven2/org/opentest4j/opentest4j/2.4.5/opentest4j-2.4.5.pom
[INFO] Downloaded from central: https://repo.maven.apache.org/maven2/org/opentest4j/opentest4j/2.4.5/opentest4j-2.4.5.pom (12 kB at 634 kB/s)
[INFO] Downloading from central: https://repo.maven.apache.org/maven2/org/apiguardian/apiguardian-api/2.4.2/apiguardian-api-2.4.2.jar
[INFO] Downloaded from central: https://repo.maven.apache.org/maven2/org/apiguardian/apiguardian-api/2.4.2/apiguardian-api-2.4.2.jar (1.4 MB at 688 kB/s)
[INFO] Downloading from central: https://repo.maven.apache.org/maven2/org/mockito/mockito-core/2.4.9/mockito-core-2.4.9.pom
[INFO] Downloaded from central: https://repo.maven.apache.org/maven2/org/mockito/mockito-core/2.4.9/mockito-core-2.4.9.pom (611 B at 596 kB/s)
[INFO] Downloading from central: https://repo.maven.apache.org/maven2/net/bytebuddy/byte-buddy/2.4.6/byte-buddy-2.4.6.jar
[INFO] Downloaded from central: https://repo.maven.apache.org/maven2/net/bytebuddy/byte-buddy/2.4.6/byte-buddy-2.4.6.jar (92 kB at 582 kB/s)
[INFO] Downloading from central: https://repo.maven.apache.org/maven2/org/objenesis/objenesis/2.4.3/objenesis-2.4.3.pom
[INFO] Downloaded from central: https://repo.maven.apache.org/maven2/org/objenesis/objenesis/2.4.3/objenesis-2.4.3.pom (3.2 MB at 793 kB/s)
[INFO] Downloading from central: https://repo.maven.apache.org/maven2/org/hibernate/validator/hibernate-validator/2.4.0/hibernate-validator-2.4.0.jar
[INFO] Downloaded from central: https://repo.maven.apache.org/maven2/org/hibernate/validator/hibernate-validator/2.4.0/hibernate-validator-2.4.0.jar (48 kB at 610 kB/s)
[INFO] Downloading from central: https://repo.maven.apache.org/maven2/javax/validation/validation-api/2.4.7/validation-api-2.4.7.pom
[INFO] Downloaded from central: https://repo.maven.apache.org/maven2/javax/validation/validation-api/2.4.7/validation-api-2.4.7.pom (12 kB at 419 kB/s)
[INFO] Downloading from central: https://repo.maven.apache.org/maven2/com/zaxxer/HikariCP/2.4.4/HikariCP-2.4.4.jar
[INFO] Downloaded from central: https://repo.maven.apache.org/maven2/com/zaxxer/HikariCP/2.4.4/HikariCP-2.4.4.jar (48 kB at 265 kB/s)
[INFO] Downloading from central: https://repo.maven.apache.org/maven2/org/postgresql/postgresql/2.4.1/postgresql-2.4.1.pom
[INFO] Downloaded from central: https://repo.maven.apache.org/maven2/org/postgresql/postgresql/2.4.1/postgresql-2.4.1.pom (12 kB at 450 kB/s)
[INFO] Downloading from central: https://repo.maven.apache.org/maven2/org/flywaydb/flyway-core/2.4.8/flyway-core-2.4.8.jar
[INFO] Downloaded from central: https://repo.maven.apache.org/maven2/org/flywaydb/flyway-core/2.4.8/flyway-core-2.4.8.jar (3.2 MB at 794 kB/s)
[INFO] Downloading from central: https://repo.maven.apache.org/maven2/org/jboss/logging/jboss-logging/2.4.5/jboss-logging-2.4.5.pom
[INFO] Downloaded from central: https://repo.maven.apache.org/maven2/org/jboss/logging/jboss-logging/2.4.5/jboss-logging-2.4.5.pom (1.4 MB at 116 kB/s)
[INFO] Downloading from central: https://repo.maven.apache.org/maven2/org/yaml/snakeyaml/2.4.2/snakeyaml-2.4.2.jar
[INFO] Downloaded from central: https://repo.maven.apache.org/maven2/org/yaml/snakeyaml/2.4.2/snakeyaml-2.4.2.jar (611 B at 185 kB/s)
[INFO] Downloading from central: https://repo.maven.apache.org/maven2/org/apache/maven/plugins/maven-resources-plugin/2.5.9/maven-resources-plugin-2.5.9.pom
[INFO] Downloaded from central: https://repo.maven.apache.org/maven2/org/apache/maven/plugins/maven-resources-plugin/2.5.9/maven-resources-plugin-2.5.9.pom (12 kB at 872 kB/s)
[INFO] Downloading from central: https://repo.maven.apache.org/maven2/org/apache/maven/plugins/maven-compiler-plugin/2.5.6/maven-compiler-plugin-2.5.6.jar
[INFO] Downloaded from central: https://repo.maven.apache.org/maven2/org/apache/maven/plugins/maven-compiler-plugin/2.5.6/maven-compiler-plugin-2.5.6.jar (230 kB at 586 kB/s)
[INFO] Downloading from central: https://repo.maven.apache.org/maven2/org/apache/maven/plugins/maven-surefire-plugin/2.5.3/maven-surefire-plugin-2.5.3.pom
[INFO] Downloaded from central: https://repo.maven.apache.org/maven2/org/apache/maven/plugins/maven-surefire-plugin/2.5.3/maven-surefire-plugin-2.5.3.pom (611 B at 836 kB/s)
[INFO] Downloading from central: https://repo.maven.apache.org/maven2/org/apache/maven/plugins/maven-jar-plugin/2.5.0/maven-jar-plugin-2.5.0.jar
[INFO] Downloaded from central: https://repo.maven.apache.org/maven2/org/apache/maven/plugins/maven-jar-plugin/2.5.0/maven-jar-plugin-2.5.0.jar (1.4 MB at 178 kB/s)
[INFO] Downloading from central: https://repo.maven.apache.org/maven2/org/apache/maven/plugins/maven-install-plugin/2.5.7/maven-install-plugin-2.5.7.pom
[INFO] Downloaded from central: https://repo.maven.apache.org/maven2/org/apache/maven/plugins/maven-install-plugin/2.5.7/maven-install-plugin-2.5.7.pom (5.1 kB at 202 kB/s)
[INFO] Downloading from central: https://repo.maven.apache.org/maven2/org/apache/maven/plugins/maven-clean-plugin/2.5.4/maven-clean-plugin-2.5.4.jar
[INFO] Downloaded from central: https://repo.maven.apache.org/maven2/org/apache/maven/plugins/maven-clean-plugin/2.5.4/maven-clean-plugin-2.5.4.jar (1.4 MB at 287 kB/s)
[INFO] Downloading from central: https://repo.maven.apache.org/maven2/org/apache/maven/surefire/surefire-junit-platform/2.5.1/surefire-junit-platform-2.5.1.pom
[INFO] Downloaded from central: https://repo.maven.apache.org/maven2/org/apache/maven/surefire/surefire-junit-platform/2.5.1/surefire-junit-platform-2.5.1.pom (5.1 kB at 659 kB/s)
[INFO] Downloading from central: https://repo.maven.apache.org/maven2/org/apache/maven/surefire/surefire-api/2.5.8/surefire-api-2.5.8.jar
[INFO] Downloaded from central: https://repo.maven.apache.org/maven2/org/apache/maven/surefire/surefire-api/2.5.8/surefire-api-2.5.8.jar (230 kB at 716 kB/s)
[INFO] Downloading from central: https://repo.maven.apache.org/maven2/org/apache/maven/surefire/maven-surefire-common/2.5.5/maven-surefire-common-2.5.5.pom
[INFO] Downloaded from central: https://repo.maven.apache.org/maven2/org/apache/maven/surefire/maven-surefire-common/2.5.5/maven-surefire-common-2.5.5.pom (12 kB at 735 kB/s)
[INFO] Downloading from central: https://repo.maven.apache.org/maven2/org/apache/maven/surefire/surefire-booter/2.5.2/surefire-booter-2.5.2.jar
[INFO] Downloaded from central: https://repo.maven.apache.org/maven2/org/apache/maven/surefire/surefire-booter/2.5.2/surefire-booter-2.5.2.jar (230 kB at 324 kB/s)
[INFO] Downloading from central: https://repo.maven.apache.org/maven2/com/google/guava/guava/2.5.9/guava-2.5.9.pom
[INFO] Downloaded from central: https://repo.maven.apache.org/maven2/com/google/guava/guava/2.5.9/guava-2.5.9.pom (3.2 MB at 97 kB/s)
[INFO] Downloading from central: https://repo.maven.apache.org/maven2/com/google/errorprone/error_prone_annotations/2.5.6/error_prone_annotations-2.5.6.jar
[INFO] Downloaded from central: https://repo.maven.apache.org/maven2/com/google/errorprone/error_prone_annotations/2.5.6/error_prone_annotations-2.5.6.jar (3.2 MB at 671 kB/s)
[INFO] Downloading from central: https://repo.maven.apache.org/maven2/com/google/code/findbugs/jsr305/2.5.3/jsr305-2.5.3.pom
[INFO] Downloaded from central: https://repo.maven.apache.org/maven2/com/google/code/findbugs/jsr305/2.5.3/jsr305-2.5.3.pom (12 kB at 474 kB/s)
[INFO] Downloading from central: https://repo.maven.apache.org/maven2/org/checkerframework/checker-qual/2.5.0/checker-qual-2.5.0.jar
[INFO] Downloaded from central: https://repo.maven.apache.org/maven2/org/checkerframework/checker-qual/2.5.0/checker-qual-2.5.0.jar (48 kB at 171 kB/s)
[INFO] Downloading from central: https://repo.maven.apache.org/maven2/com/google/j2objc/j2objc-annotations/2.5.7/j2objc-annotations-2.5.7.pom
[INFO] Downloaded from central: https://repo.maven.apache.org/maven2/com/google/j2objc/j2objc-annotations/2.5.7/j2objc-annotations-2.5.7.pom (1.4 MB at 713 kB/s)
[INFO] Downloading from central: https://repo.maven.apache.org/maven2/org/slf4j/slf4j-api/2.5.4/slf4j-api-2.5.4.jar
[INFO] Downloaded from central: https://repo.maven.apache.org/maven2/org/slf4j/slf4j-api/2.5.4/slf4j-api-2.5.4.jar (3.2 MB at 408 kB/s)
[INFO] Downloading from central: https://repo.maven.apache.org/maven2/org/slf4j/jul-to-slf4j/2.5.1/jul-to-slf4j-2.5.1.pom
[INFO] Downloaded from central: https://repo.maven.apache.org/maven2/org/slf4j/jul-to-slf4j/2.5.1/jul-to-slf4j-2.5.1.pom (92 kB at 146 kB/s)
[INFO] Downloading from central: https://repo.maven.apache.org/maven2/ch/qos/logback/logback-classic/2.5.8/logback-classic-2.5.8.jar
[INFO] Downloaded from central: https://repo.maven.apache.org/maven2/ch/qos/logback/logback-classic/2.5.8/logback-classic-2.5.8.jar (611 B at 306 kB/s)
[INFO] Downloading from central: https://repo.maven.apache.org/maven2/ch/qos/logback/logback-core/2.5.5/logback-core-2.5.5.pom
[INFO] Downloaded from central: https://repo.maven.apache.org/maven2/ch/qos/logback/logback-core/2.5.5/logback-core-2.5.5.pom (3.2 MB at 773 kB/s)
[INFO] Downloading from central: https://repo.maven.apache.org/maven2/com/fasterxml/jackson/core/jackson-databind/2.5.2/jackson-databind-2.5.2.jar
[INFO] Downloaded from central: https://repo.maven.apache.org/maven2/com/fasterxml/jackson/core/jackson-databind/2.5.2/jackson-databind-2.5.2.jar (230 kB at 42 kB/s)
[INFO] Downloading from central: https://repo.maven.apache.org/maven2/com/fasterxml/jackson/core/jackson-core/2.5.9/jackson-core-2.5.9.pom
[INFO] Downloaded from central: https://repo.maven.apache.org/maven2/com/fasterxml/jackson/core/jackson-core/2.5.9/jackson-core-2.5.9.pom (92 kB at 608 kB/s)
[INFO] Downloading from central: https://repo.maven.apache.org/maven2/com/fasterxml/jackson/core/jackson-annotations/2.5.6/jackson-annotations-2.5.6.jar
[INFO] Downloaded from central: https://repo.maven.apache.org/maven2/com/fasterxml/jackson/core/jackson-annotations/2.5.6/jackson-annotations-2.5.6.jar (230 kB at 640 kB/s)
[INFO] Downloading from central: https://repo.maven.apache.org/maven2/com/fasterxml/jackson/datatype/jackson-datatype-jsr310/2.5.3/jackson-datatype-jsr310-2.5.3.pom
[INFO] Downloaded from central: https://repo.maven.apache.org/maven2/com/fasterxml/jackson/datatype/jackson-datatype-jsr310/2.5.3/jackson-datatype-jsr310-2.5.3.pom (92 kB at 384 kB/s)
[INFO] Downloading from central: https://repo.maven.apache.org/maven2/org/apache/commons/commons-lang3/2.5.0/commons-lang3-2.5.0.jar
[INFO] Downloaded from central: https://repo.maven.apache.org/maven2/org/apache/commons/commons-lang3/2.5.0/commons-lang3-2.5.0.jar (12 kB at 769 kB/s)
[INFO] Downloading from central: https://repo.maven.apache.org/maven2/commons-io/commons-io/2.5.7/commons-io-2.5.7.pom
[INFO] Downloaded from central: https://repo.maven.apache.org/maven2/commons-io/commons-io/2.5.7/commons-io-2.5.7.pom (92 kB at 171 kB/s)
[INFO] Downloading from central: https://repo.maven.apache.org/maven2/commons-codec/commons-codec/2.5.4/commons-codec-2.5.4.jar
[INFO] Downloaded from central: https://repo.maven.apache.org/maven2/commons-codec/commons-codec/2.5.4/commons-codec-2.5.4.jar (48 kB at 645 kB/s)
[INFO] Downloading from central: https://repo.maven.apache.org/maven2/org/apache/commons/commons-collections4/2.5.1/commons-collections4-2.5.1.pom
[INFO] Downloaded from central: https://repo.maven.apache.org/maven2/org/apache/commons/commons-collections4/2.5.1/commons-collections4-2.5.1.pom (92 kB at 68 kB/s)
[INFO] Downloading from central: https://repo.maven.apache.org/maven2/org/codehaus/plexus/plexus-utils/2.5.8/plexus-utils-2.5.8.jar
[INFO] Downloaded from central: https://repo.maven.apache.org/maven2/org/codehaus/plexus/plexus-utils/2.5.8/plexus-utils-2.5.8.jar (1.4 MB at 810 kB/s)
[INFO] Downloading from central: https://repo.maven.apache.org/maven2/org/codehaus/plexus/plexus-interpolation/2.5.5/plexus-interpolation-2.5.5.pom
[INFO] Downloaded from central: https://repo.maven.apache.org/maven2/org/codehaus/plexus/plexus-interpolation/2.5.5/plexus-interpolation-2.5.5.pom (611 B at 238 kB/s)
[INFO] Downloading from central: https://repo.maven.apache.org/maven2/org/codehaus/plexus/plexus-compiler-api/2.5.2/plexus-compiler-api-2.5.2.jar
[INFO] Downloaded from central: https://repo.maven.apache.org/maven2/org/codehaus/plexus/plexus-compiler-api/2.5.2/plexus-compiler-api-2.5.2.jar (611 B at 790 kB/s)
[INFO] Downloading from central: https://repo.maven.apache.org/maven2/junit/junit/2.5.9/junit-2.5.9.pom
[INFO] Downloaded from central: https://repo.maven.apache.org/maven2/junit/junit/2.5.9/junit-2.5.9.pom (230 kB at 502 kB/s)
[INFO] Downloading from central: https://repo.maven.apache.org/maven2/org/hamcrest/hamcrest-core/2.5.6/hamcrest-core-2.5.6.jar
[INFO] Downloaded from central: https://repo.maven.apache.org/maven2/org/hamcrest/hamcrest-core/2.5.6/hamcrest-core-2.5.6.jar (3.2 MB at 382 kB/s)
[INFO] Downloading from central: https://repo.maven.apache.org/maven2/org/junit/jupiter/junit-jupiter-api/2.5.3/junit-jupiter-api-2.5.3.pom
[INFO] Downloaded from central: https://repo.maven.apache.org/maven2/org/junit/jupiter/junit-jupiter-api/2.5.3/junit-jupiter-api-2.5.3.pom (5.1 kB at 351 kB/s)
[INFO] Downloading from central: https://repo.maven.apache.org/maven2/org/junit/jupiter/junit-jupiter-engine/2.5.0/junit-jupiter-engine-2.5.0.jar
[INFO] Downloaded from central: https://repo.maven.apache.org/maven2/org/junit/jupiter/junit-jupiter-engine/2.5.0/junit-jupiter-engine-2.5.0.jar (48 kB at 838 kB/s)
[INFO] Downloading from central: https://repo.maven.apache.org/maven2/org/junit/platform/junit-platform-engine/2.5.7/junit-platform-engine-2.5.7.pom
[INFO] Downloaded from central: https://repo.maven.apache.org/maven2/org/junit/platform/junit-platform-engine/2.5.7/junit-platform-engine-2.5.7.pom (230 kB at 808 kB/s)
[INFO] Downloading from central: https://repo.maven.apache.org/maven2/org/opentest4j/opentest4j/2.5.4/opentest4j-2.5.4.jar
[INFO] Downloaded from central: https://repo.maven.apache.org/maven2/org/opentest4j/opentest4j/2.5.4/opentest4j-2.5.4.jar (12 kB at 106 kB/s)
[INFO] Downloading from central: https://repo.maven.apache.org/maven2/org/apiguardian/apiguardian-api/2.5.1/apiguardian-api-2.5.1.pom
[INFO] Downloaded from central: https://repo.maven.apache.org/maven2/org/apiguardian/apiguardian-api/2.5.1/apiguardian-api-2.5.1.pom (3.2 MB at 538 kB/s)
[INFO] Downloading from central: https://repo.maven.apache.org/maven2/org/mockito/mockito-core/2.5.8/mockito-core-2.5.8.jar
[INFO] Downloaded from central: https://repo.maven.apache.org/maven2/org/mockito/mockito-core/2.5.8/mockito-core-2.5.8.jar (230 kB at 751 kB/s)
[INFO] Downloading from central: https://repo.maven.apache.org/maven2/net/bytebuddy/byte-buddy/2.5.5/byte-buddy-2.5.5.pom
[INFO] Downloaded from central: https://repo.maven.apache.org/maven2/net/bytebuddy/byte-buddy/2.5.5/byte-buddy-2.5.5.pom (611 B at 499 kB/s)
[INFO] Downloading from central: https://repo.maven.apache.org/maven2/org/objenesis/objenesis/2.5.2/objenesis-2.5.2.jar
[INFO] Downloaded from central: https://repo.maven.apache.org/maven2/org/objenesis/objenesis/2.5.2/objenesis-2.5.2.jar (230 kB at 797 kB/s)
[INFO] Downloading from central: https://repo.maven.apache.org/maven2/org/hibernate/validator/hibernate-validator/2.5.9/hibernate-validator-2.5.9.pom
[INFO] Downloaded from central: https://repo.maven.apache.org/maven2/org/hibernate/validator/hibernate-validator/2.5.9/hibernate-validator-2.5.9.pom (230 kB at 449 kB/s)
[INFO] Downloading from central: https://repo.maven.apache.org/maven2/javax/validation/validation-api/2.5.6/validation-api-2.5.6.jar
[INFO] Downloaded from central: https://repo.maven.apache.org/maven2/javax/validation/validation-api/2.5.6/validation-api-2.5.6.jar (611 B at 883 kB/s)
[INFO] Downloading from central: https://repo.maven.apache.org/maven2/com/zaxxer/HikariCP/2.5.3/HikariCP-2.5.3.pom
[INFO] Downloaded from central: https://repo.maven.apache.org/maven2/com/zaxxer/HikariCP/2.5.3/HikariCP-2.5.3.pom (12 kB at 481 kB/s)
[INFO] Downloading from central: https://repo.maven.apache.org/maven2/org/postgresql/postgresql/2.5.0/postgresql-2.5.0.jar
[INFO] Downloaded from central: https://repo.maven.apache.org/maven2/org/postgresql/postgresql/2.5.0/postgresql-2.5.0.jar (611 B at 169 kB/s)
[INFO] Downloading from central: https://repo.maven.apache.org/maven2/org/flywaydb/flyway-core/2.5.7/flyway-core-2.5.7.pom
[INFO] Downloaded from central: https://repo.maven.apache.org/maven2/org/flywaydb/flyway-core/2.5.7/flyway-core-2.5.7.pom (48 kB at 134 kB/s)
[INFO] Downloading from central: https://repo.maven.apache.org/maven2/org/jboss/logging/jboss-logging/2.5.4/jboss-logging-2.5.4.jar
[INFO] Downloaded from central: https://repo.maven.apache.org/maven2/org/jboss/logging/jboss-logging/2.5.4/jboss-logging-2.5.4.jar (230 kB at 862 kB/s)
[INFO] Downloading from central: https://repo.maven.apache.org/maven2/org/yaml/snakeyaml/2.5.1/snakeyaml-2.5.1.pom
[INFO] Downloaded from central: https://repo.maven.apache.org/maven2/org/yaml/snakeyaml/2.5.1/snakeyaml-2.5.1.pom (1.4 MB at 321 kB/s)
[INFO] Downloading from central: https://repo.maven.apache.org/maven2/org/apache/maven/plugins/maven-resources-plugin/3.0.8/maven-resources-plugin-3.0.8.jar
[INFO] Downloaded from central: https://repo.maven.apache.org/maven2/org/apache/maven/plugins/maven-resources-plugin/3.0.8/maven-resources-plugin-3.0.8.jar (611 B at 863 kB/s)
[INFO] Downloading from central: https://repo.maven.apache.org/maven2/org/apache/maven/plugins/maven-compiler-plugin/3.0.5/maven-compiler-plugin-3.0.5.pom
[INFO] Downloaded from central: https://repo.maven.apache.org/maven2/org/apache/maven/plugins/maven-compiler-plugin/3.0.5/maven-compiler-plugin-3.0.5.pom (1.4 MB at 66 kB/s)
[INFO] Downloading from central: https://repo.maven.apache.org/maven2/org/apache/maven/plugins/maven-surefire-plugin/3.0.2/maven-surefire-plugin-3.0.2.jar
[INFO] Downloaded from central: https://repo.maven.apache.org/maven2/org/apache/maven/plugins/maven-surefire-plugin/3.0.2/maven-surefire-plugin-3.0.2.jar (1.4 MB at 454 kB/s)
[INFO] Downloading from central: https://repo.maven.apache.org/maven2/org/apache/maven/plugins/maven-jar-plugin/3.0.9/maven-jar-plugin-3.0.9.pom
[INFO] Downloaded from central: https://repo.maven.apache.org/maven2/org/apache/maven/plugins/maven-jar-plugin/3.0.9/maven-jar-plugin-3.0.9.pom (1.4 MB at 808 kB/s)
[INFO] Downloading from central: https://repo.maven.apache.org/maven2/org/apache/maven/plugins/maven-install-plugin/3.0.6/maven-install-plugin-3.0.6.jar
[INFO] Downloaded from central: https://repo.maven.apache.org/maven2/org/apache/maven/plugins/maven-install-plugin/3.0.6/maven-install-plugin-3.0.6.jar (3.2 MB at 824 kB/s)
[INFO] Downloading from central: https://repo.maven.apache.org/maven2/org/apache/maven/plugins/maven-clean-plugin/3.0.3/maven-clean-plugin-3.0.3.pom
[INFO] Downloaded from central: https://repo.maven.apache.org/maven2/org/apache/maven/plugins/maven-clean-plugin/3.0.3/maven-clean-plugin-3.0.3.pom (3.2 MB at 190 kB/s)
[INFO] Downloading from central: https://repo.maven.apache.org/maven2/org/apache/maven/surefire/surefire-junit-platform/3.0.0/surefire-junit-platform-3.0.0.jar
[INFO] Downloaded from central: https://repo.maven.apache.org/maven2/org/apache/maven/surefire/surefire-junit-platform/3.0.0/surefire-junit-platform-3.0.0.jar (5.1 kB at 391 kB/s)
[INFO] Downloading from central: https://repo.maven.apache.org/maven2/org/apache/maven/surefire/surefire-api/3.0.7/surefire-api-3.0.7.pom
[INFO] Downloaded from central: https://repo.maven.apache.org/maven2/org/apache/maven/surefire/surefire-api/3.0.7/surefire-api-3.0.7.pom (1.4 MB at 430 kB/s)
[INFO] Downloading from central: https://repo.maven.apache.org/maven2/org/apache/maven/surefire/maven-surefire-common/3.0.4/maven-surefire-common-3.0.4.jar
[INFO] Downloaded from central: https://repo.maven.apache.org/maven2/org/apache/maven/surefire/maven-surefire-common/3.0.4/maven-surefire-common-3.0.4.jar (230 kB at 339 kB/s)
[INFO] Downloading from central: https://repo.maven.apache.org/maven2/org/apache/maven/surefire/surefire-booter/3.0.1/surefire-booter-3.0.1.pom
[INFO] Downloaded from central: https://repo.maven.apache.org/maven2/org/apache/maven/surefire/surefire-booter/3.0.1/surefire-booter-3.0.1.pom (3.2 MB at 181 kB/s)
[INFO] Downloading from central: https://repo.maven.apache.org/maven2/com/google/guava/guava/3.0.8/guava-3.0.8.jar
[INFO] Downloaded from central: https://repo.maven.apache.org/maven2/com/google/guava/guava/3.0.8/guava-3.0.8.jar (48 kB at 693 kB/s)
[INFO] Downloading from central: https://repo.maven.apache.org/maven2/com/google/errorprone/error_prone_annotations/3.0.5/error_prone_annotations-3.0.5.pom
[INFO] Downloaded from central: https://repo.maven.apache.org/maven2/com/google/errorprone/error_prone_annotations/3.0.5/error_prone_annotations-3.0.5.pom (3.2 MB at 487 kB/s)
[INFO] Downloading from central: https://repo.maven.apache.org/maven2/com/google/code/findbugs/jsr305/3.0.2/jsr305-3.0.2.jar
[INFO] Downloaded from central: https://repo.maven.apache.org/maven2/com/google/code/findbugs/jsr305/3.0.2/jsr305-3.0.2.jar (1.4 MB at 376 kB/s)
[INFO] Downloading from central: https://repo.maven.apache.org/maven2/org/checkerframework/checker-qual/3.0.9/checker-qual-3.0.9.pom
[INFO] Downloaded from central: https://repo.maven.apache.org/maven2/org/checkerframework/checker-qual/3.0.9/checker-qual-3.0.9.pom (48 kB at 538 kB/s)
[INFO] Downloading from central: https://repo.maven.apache.org/maven2/com/google/j2objc/j2objc-annotations/3.0.6/j2objc-annotations-3.0.6.jar
[INFO] Downloaded from central: https://repo.maven.apache.org/maven2/com/google/j2objc/j2objc-annotations/3.0.6/j2objc-annotations-3.0.6.jar (230 kB at 506 kB/s)
[INFO] Downloading from central: https://repo.maven.apache.org/maven2/org/slf4j/slf4j-api/3.0.3/slf4j-api-3.0.3.pom
[INFO] Downloaded from central: https://repo.maven.apache.org/maven2/org/slf4j/slf4j-api/3.0.3/slf4j-api-3.0.3.pom (92 kB at 120 kB/s)
[INFO] Downloading from central: https://repo.maven.apache.org/maven2/org/slf4j/jul-to-slf4j/3.0.0/jul-to-slf4j-3.0.0.jar
[INFO] Downloaded from central: https://repo.maven.apache.org/maven2/org/slf4j/jul-to-slf4j/3.0.0/jul-to-slf4j-3.0.0.jar (5.1 kB at 600 kB/s)
[INFO] Downloading from central: https://repo.maven.apache.org/maven2/ch/qos/logback/logback-classic/3.0.7/logback-classic-3.0.7.pom
[INFO] Downloaded from central: https://repo.maven.apache.org/maven2/ch/qos/logback/logback-classic/3.0.7/logback-classic-3.0.7.pom (3.2 MB at 254 kB/s)
[INFO] Downloading from central: https://repo.maven.apache.org/maven2/ch/qos/logback/logback-core/3.0.4/logback-core-3.0.4.jar
[INFO] Downloaded from central: https://repo.maven.apache.org/maven2/ch/qos/logback/logback-core/3.0.4/logback-core-3.0.4.jar (611 B at 898 kB/s)
[INFO] Downloading from central: https://repo.maven.apache.org/maven2/com/fasterxml/jackson/core/jackson-databind/3.0.1/jackson-databind-3.0.1.pom
[INFO] Downloaded from central: https://repo.maven.apache.org/maven2/com/fasterxml/jackson/core/jackson-databind/3.0.1/jackson-databind-3.0.1.pom (3.2 MB at 241 kB/s)
[INFO] Downloading from central: https://repo.maven.apache.org/maven2/com/fasterxml/jackson/core/jackson-core/3.0.8/jackson-core-3.0.8.jar
[INFO] Downloaded from central: https://repo.maven.apache.org/maven2/com/fasterxml/jackson/core/jackson-core/3.0.8/jackson-core-3.0.8.jar (92 kB at 898 kB/s)
[INFO] Downloading from central: https://repo.maven.apache.org/maven2/com/fasterxml/jackson/core/jackson-annotations/3.0.5/jackson-annotations-3.0.5.pom
[INFO] Downloaded from central: https://repo.maven.apache.org/maven2/com/fasterxml/jackson/core/jackson-annotations/3.0.5/jackson-annotations-3.0.5.pom (230 kB at 772 kB/s)
[INFO] Downloading from central: https://repo.maven.apache.org/maven2/com/fasterxml/jackson/datatype/jackson-datatype-jsr310/3.0.2/jackson-datatype-jsr310-3.0.2.jar
[INFO] Downloaded from central: https://repo.maven.apache.org/maven2/com/fasterxml/jackson/datatype/jackson-datatype-jsr310/3.0.2/jackson-datatype-jsr310-3.0.2.jar (3.2 MB at 219 kB/s)
[INFO] Downloading from central: https://repo.maven.apache.org/maven2/org/apache/commons/commons-lang3/3.0.9/commons-lang3-3.0.9.pom
[INFO] Downloaded from central: https://repo.maven.apache.org/maven2/org/apache/commons/commons-lang3/3.0.9/commons-lang3-3.0.9.pom (12 kB at 242 kB/s)
[INFO] Downloading from central: https://repo.maven.apache.org/maven2/commons-io/commons-io/3.0.6/commons-io-3.0.6.jar
[INFO] Downloaded from central: https://repo.maven.apache.org/maven2/commons-io/commons-io/3.0.6/commons-io-3.0.6.jar (3.2 MB at 708 kB/s)
[INFO] Downloading from central: https://repo.maven.apache.org/maven2/commons-codec/commons-codec/3.0.3/commons-codec-3.0.3.pom
[INFO] Downloaded from central: https://repo.maven.apache.org/maven2/commons-codec/commons-codec/3.0.3/commons-codec-3.0.3.pom (92 kB at 519 kB/s)
[INFO] Downloading from central: https://repo.maven.apache.org/maven2/org/apache/commons/commons-collections4/3.0.0/commons-collections4-3.0.0.jar
[INFO] Downloaded from central: https://repo.maven.apache.org/maven2/org/apache/commons/commons-collections4/3.0.0/commons-collections4-3.0.0.jar (48 kB at 222 kB/s)
[INFO] Downloading from central: https://repo.maven.apache.org/maven2/org/codehaus/plexus/plexus-utils/3.0.7/plexus-utils-3.0.7.pom
[INFO] Downloaded from central: https://repo.maven.apache.org/maven2/org/codehaus/plexus/plexus-utils/3.0.7/plexus-utils-3.0.7.pom (92 kB at 317 kB/s)
[INFO] Downloading from central: https://repo.maven.apache.org/maven2/org/codehaus/plexus/plexus-interpolation/3.0.4/plexus-interpolation-3.0.4.jar
[INFO] Downloaded from central: https://repo.maven.apache.org/maven2/org/codehaus/plexus/plexus-interpolation/3.0.4/plexus-interpolation-3.0.4.jar (1.4 MB at 445 kB/s)
[INFO] Downloading from central: https://repo.maven.apache.org/maven2/org/codehaus/plexus/plexus-compiler-api/3.0.1/plexus-compiler-api-3.0.1.pom
[INFO] Downloaded from central: https://repo.maven.apache.org/maven2/org/codehaus/plexus/plexus-compiler-api/3.0.1/plexus-compiler-api-3.0.1.pom (48 kB at 496 kB/s)
[INFO] Downloading from central: https://repo.maven.apache.org/maven2/junit/junit/3.0.8/junit-3.0.8.jar
[INFO] Downloaded from central: https://repo.maven.apache.org/maven2/junit/junit/3.0.8/junit-3.0.8.jar (12 kB at 397 kB/s)
[INFO] Downloading from central: https://repo.maven.apache.org/maven2/org/hamcrest/hamcrest-core/3.0.5/hamcrest-core-3.0.5.pom
[INFO] Downloaded from central: https://repo.maven.apache.org/maven2/org/hamcrest/hamcrest-core/3.0.5/hamcrest-core-3.0.5.pom (230 kB at 879 kB/s)
[INFO] Downloading from central: https://repo.maven.apache.org/maven2/org/junit/jupiter/junit-jupiter-api/3.0.2/junit-jupiter-api-3.0.2.jar
[INFO] Downloaded from central: https://repo.maven.apache.org/maven2/org/junit/jupiter/junit-jupiter-api/3.0.2/junit-jupiter-api-3.0.2.jar (611 B at 576 kB/s)
[INFO] Downloading from central: https://repo.maven.apache.org/maven2/org/junit/jupiter/junit-jupiter-engine/3.0.9/junit-jupiter-engine-3.0.9.pom
[INFO] Downloaded from central: https://repo.maven.apache.org/maven2/org/junit/jupiter/junit-jupiter-engine/3.0.9/junit-jupiter-engine-3.0.9.pom (611 B at 293 kB/s)
[INFO] Downloading from central: https://repo.maven.apache.org/maven2/org/junit/platform/junit-platform-engine/3.0.6/junit-platform-engine-3.0.6.jar
[INFO] Downloaded from central: https://repo.maven.apache.org/maven2/org/junit/platform/junit-platform-engine/3.0.6/junit-platform-engine-3.0.6.jar (48 kB at 107 kB/s)
[INFO] Downloading from central: https://repo.maven.apache.org/maven2/org/opentest4j/opentest4j/3.0.3/opentest4j-3.0.3.pom
[INFO] Downloaded from central: https://repo.maven.apache.org/maven2/org/opentest4j/opentest4j/3.0.3/opentest4j-3.0.3.pom (5.1 kB at 384 kB/s)
[INFO] Downloading from central: https://repo.maven.apache.org/maven2/org/apiguardian/apiguardian-api/3.0.0/apiguardian-api-3.0.0.jar
[INFO] Downloaded from central: https://repo.maven.apache.org/maven2/org/apiguardian/apiguardian-api/3.0.0/apiguardian-api-3.0.0.jar (48 kB at 142 kB/s)
[INFO] Downloading from central: https://repo.maven.apache.org/maven2/org/mockito/mockito-core/3.0.7/mockito-core-3.0.7.pom
[INFO] Downloaded from central: https://repo.maven.apache.org/maven2/org/mockito/mockito-core/3.0.7/mockito-core-3.0.7.pom (5.1 kB at 230 kB/s)
[INFO] Downloading from central: https://repo.maven.apache.org/maven2/net/bytebuddy/byte-buddy/3.0.4/byte-buddy-3.0.4.jar
[INFO] Downloaded from central: https://repo.maven.apache.org/maven2/net/bytebuddy/byte-buddy/3.0.4/byte-buddy-3.0.4.jar (5.1 kB at 766 kB/s)
[INFO] Downloading from central: https://repo.maven.apache.org/maven2/org/objenesis/objenesis/3.0.1/objenesis-3.0.1.pom
[INFO] Downloaded from central: https://repo.maven.apache.org/maven2/org/objenesis/objenesis/3.0.1/objenesis-3.0.1.pom (12 kB at 290 kB/s)
[INFO] Downloading from central: https://repo.maven.apache.org/maven2/org/hibernate/validator/hibernate-validator/3.0.8/hibernate-validator-3.0.8.jar
[INFO] Downloaded from central: https://repo.maven.apache.org/maven2/org/hibernate/validator/hibernate-validator/3.0.8/hibernate-validator-3.0.8.jar (611 B at 835 kB/s)
[INFO] Downloading from central: https://repo.maven.apache.org/maven2/javax/validation/validation-api/3.0.5/validation-api-3.0.5.pom
[INFO] Downloaded from central: https://repo.maven.apache.org/maven2/javax/validation/validation-api/3.0.5/validation-api-3.0.5.pom (611 B at 730 kB/s)
[INFO] Downloading from central: https://repo.maven.apache.org/maven2/com/zaxxer/HikariCP/3.0.2/HikariCP-3.0.2.jar
[INFO] Downloaded from central: https://repo.maven.apache.org/maven2/com/zaxxer/HikariCP/3.0.2/HikariCP-3.0.2.jar (3.2 MB at 135 kB/s)
[INFO] Downloading from central: https://repo.maven.apache.org/maven2/org/postgresql/postgresql/3.0.9/postgresql-3.0.9.pom
[INFO] Downloaded from central: https://repo.maven.apache.org/maven2/org/postgresql/postgresql/3.0.9/postgresql-3.0.9.pom (1.4 MB at 483 kB/s)
[INFO] Downloading from central: https://repo.maven.apache.org/maven2/org/flywaydb/flyway-core/3.0.6/flyway-core-3.0.6.jar
[INFO] Downloaded from central: https://repo.maven.apache.org/maven2/org/flywaydb/flyway-core/3.0.6/flyway-core-3.0.6.jar (12 kB at 434 kB/s)
[INFO] Downloading from central: https://repo.maven.apache.org/maven2/org/jboss/logging/jboss-logging/3.0.3/jboss-logging-3.0.3.pom
[INFO] Downloaded from central: https://repo.maven.apache.org/maven2/org/jboss/logging/jboss-logging/3.0.3/jboss-logging-3.0.3.pom (611 B at 310 kB/s)
[INFO] Downloading from central: https://repo.maven.apache.org/maven2/org/yaml/snakeyaml/3.0.0/snakeyaml-3.0.0.jar
[INFO] Downloaded from central: https://repo.maven.apache.org/maven2/org/yaml/snakeyaml/3.0.0/snakeyaml-3.0.0.jar (3.2 MB at 149 kB/s)
[INFO] Downloading from central: https://repo.maven.apache.org/maven2/org/apache/maven/plugins/maven-resources-plugin/3.1.7/maven-resources-plugin-3.1.7.pom
[INFO] Downloaded from central: https://repo.maven.apache.org/maven2/org/apache/maven/plugins/maven-resources-plugin/3.1.7/maven-resources-plugin-3.1.7.pom (611 B at 435 kB/s)
[INFO] Downloading from central: https://repo.maven.apache.org/maven2/org/apache/maven/plugins/maven-compiler-plugin/3.1.4/maven-compiler-plugin-3.1.4.jar
[INFO] Downloaded from central: https://repo.maven.apache.org/maven2/org/apache/maven/plugins/maven-compiler-plugin/3.1.4/maven-compiler-plugin-3.1.4.jar (230 kB at 705 kB/s)
[INFO] Downloading from central: https://repo.maven.apache.org/maven2/org/apache/maven/plugins/maven-surefire-plugin/3.1.1/maven-surefire-plugin-3.1.1.pom
[INFO] Downloaded from central: https://repo.maven.apache.org/maven2/org/apache/maven/plugins/maven-surefire-plugin/3.1.1/maven-surefire-plugin-3.1.1.pom (48 kB at 156 kB/s)
[INFO] Downloading from central: https://repo.maven.apache.org/maven2/org/apache/maven/plugins/maven-jar-plugin/3.1.8/maven-jar-plugin-3.1.8.jar
[INFO] Downloaded from central: https://repo.maven.apache.org/maven2/org/apache/maven/plugins/maven-jar-plugin/3.1.8/maven-jar-plugin-3.1.8.jar (1.4 MB at 774 kB/s)
[INFO] Downloading from central: https://repo.maven.apache.org/maven2/org/apache/maven/plugins/maven-install-plugin/3.1.5/maven-install-plugin-3.1.5.pom
[INFO] Downloaded from central: https://repo.maven.apache.org/maven2/org/apache/maven/plugins/maven-install-plugin/3.1.5/maven-install-plugin-3.1.5.pom (48 kB at 94 kB/s)
[INFO] Downloading from central: https://repo.maven.apache.org/maven2/org/apache/maven/plugins/maven-clean-plugin/3.1.2/maven-clean-plugin-3.1.2.jar
[INFO] Downloaded from central: https://repo.maven.apache.org/maven2/org/apache/maven/plugins/maven-clean-plugin/3.1.2/maven-clean-plugin-3.1.2.jar (611 B at 693 kB/s)
[INFO] Downloading from central: https://repo.maven.apache.org/maven2/org/apache/maven/surefire/surefire-junit-platform/3.1.9/surefire-junit-platform-3.1.9.pom
[INFO] Downloaded from central: https://repo.maven.apache.org/maven2/org/apache/maven/surefire/surefire-junit-platform/3.1.9/surefire-junit-platform-3.1.9.pom (1.4 MB at 629 kB/s)
[INFO] Downloading from central: https://repo.maven.apache.org/maven2/org/apache/maven/surefire/surefire-api/3.1.6/surefire-api-3.1.6.jar
[INFO] Downloaded from central: https://repo.maven.apache.org/maven2/org/apache/maven/surefire/surefire-api/3.1.6/surefire-api-3.1.6.jar (1.4 MB at 398 kB/s)
[INFO] Downloading from central: https://repo.maven.apache.org/maven2/org/apache/maven/surefire/maven-surefire-common/3.1.3/maven-surefire-common-3.1.3.pom
[INFO] Downloaded from central: https://repo.maven.apache.org/maven2/org/apache/maven/surefire/maven-surefire-common/3.1.3/maven-surefire-common-3.1.3.pom (3.2 MB at 363 kB/s)
[INFO] Downloading from central: https://repo.maven.apache.org/maven2/org/apache/maven/surefire/surefire-booter/3.1.0/surefire-booter-3.1.0.jar
[INFO] Downloaded from central: https://repo.maven.apache.org/maven2/org/apache/maven/surefire/surefire-booter/3.1.0/surefire-booter-3.1.0.jar (3.2 MB at 869 kB/s)
[INFO] Downloading from central: https://repo.maven.apache.org/maven2/com/google/guava/guava/3.1.7/guava-3.1.7.pom
[INFO] Downloaded from central: https://repo.maven.apache.org/maven2/com/google/guava/guava/3.1.7/guava-3.1.7.pom (48 kB at 785 kB/s)
[INFO] Downloading from central: https://repo.maven.apache.org/maven2/com/google/errorprone/error_prone_annotations/3.1.4/error_prone_annotations-3.1.4.jar
[INFO] Downloaded from central: https://repo.maven.apache.org/maven2/com/google/errorprone/error_prone_annotations/3.1.4/error_prone_annotations-3.1.4.jar (5.1 kB at 355 kB/s)
[INFO] Downloading from central: https://repo.maven.apache.org/maven2/com/google/code/findbugs/jsr305/3.1.1/jsr305-3.1.1.pom
[INFO] Downloaded from central: https://repo.maven.apache.org/maven2/com/google/code/findbugs/jsr305/3.1.1/jsr305-3.1.1.pom (5.1 kB at 217 kB/s)
[INFO] Downloading from central: https://repo.maven.apache.org/maven2/org/checkerframework/checker-qual/3.1.8/checker-qual-3.1.8.jar
[INFO] Downloaded from central: https://repo.maven.apache.org/maven2/org/checkerframework/checker-qual/3.1.8/checker-qual-3.1.8.jar (5.1 kB at 173 kB/s)
[INFO] Downloading from central: https://repo.maven.apache.org/maven2/com/google/j2objc/j2objc-annotations/3.1.5/j2objc-annotations-3.1.5.pom
[INFO] Downloaded from central: https://repo.maven.apache.org/maven2/com/google/j2objc/j2objc-annotations/3.1.5/j2objc-annotations-3.1.5.pom (230 kB at 453 kB/s)
[INFO] Downloading from central: https://repo.maven.apache.org/maven2/org/slf4j/slf4j-api/3.1.2/slf4j-api-3.1.2.jar
[INFO] Downloaded from central: https://repo.maven.apache.org/maven2/org/slf4j/slf4j-api/3.1.2/slf4j-api-3.1.2.jar (92 kB at 839 kB/s)
[INFO] Downloading from central: https://repo.maven.apache.org/maven2/org/slf4j/jul-to-slf4j/3.1.9/jul-to-slf4j-3.1.9.pom
[INFO] Downloaded from central: https://repo.maven.apache.org/maven2/org/slf4j/jul-to-slf4j/3.1.9/jul-to-slf4j-3.1.9.pom (1.4 MB at 82 kB/s)
[INFO] Downloading from central: https://repo.maven.apache.org/maven2/ch/qos/logback/logback-classic/3.1.6/logback-classic-3.1.6.jar
[INFO] Downloaded from central: https://repo.maven.apache.org/maven2/ch/qos/logback/logback-classic/3.1.6/logback-classic-3.1.6.jar (1.4 MB at 745 kB/s)
[INFO] Downloading from central: https://repo.maven.apache.org/maven2/ch/qos/logback/logback-core/3.1.3/logback-core-3.1.3.pom
[INFO] Downloaded from central: https://repo.maven.apache.org/maven2/ch/qos/logback/logback-core/3.1.3/logback-core-3.1.3.pom (5.1 kB at 99 kB/s)
[INFO] Downloading from central: https://repo.maven.apache.org/maven2/com/fasterxml/jackson/core/jackson-databind/3.1.0/jackson-databind-3.1.0.jar
[INFO] Downloaded from central: https://repo.maven.apache.org/maven2/com/fasterxml/jackson/core/jackson-databind/3.1.0/jackson-databind-3.1.0.jar (230 kB at 361 kB/s)
[INFO] Downloading from central: https://repo.maven.apache.org/maven2/com/fasterxml/jackson/core/jackson-core/3.1.7/jackson-core-3.1.7.pom
[INFO] Downloaded from central: https://repo.maven.apache.org/maven2/com/fasterxml/jackson/core/jackson-core/3.1.7/jackson-core-3.1.7.pom (611 B at 360 kB/s)
[INFO] Downloading from central: https://repo.maven.apache.org/maven2/com/fasterxml/jackson/core/jackson-annotations/3.1.4/jackson-annotations-3.1.4.jar
[INFO] Downloaded from central: https://repo.maven.apache.org/maven2/com/fasterxml/jackson/core/jackson-annotations/3.1.4/jackson-annotations-3.1.4.jar (1.4 MB at 92 kB/s)
[INFO] Downloading from central: https://repo.maven.apache.org/maven2/com/fasterxml/jackson/datatype/jackson-datatype-jsr310/3.1.1/jackson-datatype-jsr310-3.1.1.pom
[INFO] Downloaded from central: https://repo.maven.apache.org/maven2/com/fasterxml/jackson/datatype/jackson-datatype-jsr310/3.1.1/jackson-datatype-jsr310-3.1.1.pom (3.2 MB at 800 kB/s)
[INFO] Downloading from central: https://repo.maven.apache.org/maven2/org/apache/commons/commons-lang3/3.1.8/commons-lang3-3.1.8.jar
[INFO] Downloaded from central: https://repo.maven.apache.org/maven2/org/apache/commons/commons-lang3/3.1.8/commons-lang3-3.1.8.jar (48 kB at 112 kB/s)
[INFO] Downloading from central: https://repo.maven.apache.org/maven2/commons-io/commons-io/3.1.5/commons-io-3.1.5.pom
[INFO] Downloaded from central: https://repo.maven.apache.org/maven2/commons-io/commons-io/3.1.5/commons-io-3.1.5.pom (5.1 kB at 679 kB/s)
[INFO] Downloading from central: https://repo.maven.apache.org/maven2/commons-codec/commons-codec/3.1.2/commons-codec-3.1.2.jar
[INFO] Downloaded from central: https://repo.maven.apache.org/maven2/commons-codec/commons-codec/3.1.2/commons-codec-3.1.2.jar (92 kB at 278 kB/s)
[INFO] Downloading from central: https://repo.maven.apache.org/maven2/org/apache/commons/commons-collections4/3.1.9/commons-collections4-3.1.9.pom
[INFO] Downloaded from central: https://repo.maven.apache.org/maven2/org/apache/commons/commons-collections4/3.1.9/commons-collections4-3.1.9.pom (230 kB at 718 kB/s)
[INFO] Downloading from central: https://repo.maven.apache.org/maven2/org/codehaus/plexus/plexus-utils/3.1.6/plexus-utils-3.1.6.jar
[INFO] Downloaded from central: https://repo.maven.apache.org/maven2/org/codehaus/plexus/plexus-utils/3.1.6/plexus-utils-3.1.6.jar (48 kB at 138 kB/s)
[INFO] Downloading from central: https://repo.maven.apache.org/maven2/org/codehaus/plexus/plexus-interpolation/3.1.3/plexus-interpolation-3.1.3.pom
[INFO] Downloaded from central: https://repo.maven.apache.org/maven2/org/codehaus/plexus/plexus-interpolation/3.1.3/plexus-interpolation-3.1.3.pom (92 kB at 532 kB/s)
[INFO] Downloading from central: https://repo.maven.apache.org/maven2/org/codehaus/plexus/plexus-compiler-api/3.1.0/plexus-compiler-api-3.1.0.jar
[INFO] Downloaded from central: https://repo.maven.apache.org/maven2/org/codehaus/plexus/plexus-compiler-api/3.1.0/plexus-compiler-api-3.1.0.jar (5.1 kB at 646 kB/s)
[INFO] Downloading from central: https://repo.maven.apache.org/maven2/junit/junit/3.1.7/junit-3.1.7.pom
[INFO] Downloaded from central: https://repo.maven.apache.org/maven2/junit/junit/3.1.7/junit-3.1.7.pom (1.4 MB at 196 kB/s)
[INFO] Downloading from central: https://repo.maven.apache.org/maven2/org/hamcrest/hamcrest-core/3.1.4/hamcrest-core-3.1.4.jar
[INFO] Downloaded from central: https://repo.maven.apache.org/maven2/org/hamcrest/hamcrest-core/3.1.4/hamcrest-core-3.1.4.jar (1.4 MB at 494 kB/s)
[INFO] Downloading from central: https://repo.maven.apache.org/maven2/org/junit/jupiter/junit-jupiter-api/3.1.1/junit-jupiter-api-3.1.1.pom
[INFO] Downloaded from central: https://repo.maven.apache.org/maven2/org/junit/jupiter/junit-jupiter-api/3.1.1/junit-jupiter-api-3.1.1.pom (12 kB at 641 kB/s)
[INFO] Downloading from central: https://repo.maven.apache.org/maven2/org/junit/jupiter/junit-jupiter-engine/3.1.8/junit-jupiter-engine-3.1.8.jar
[INFO] Downloaded from central: https://repo.maven.apache.org/maven2/org/junit/jupiter/junit-jupiter-engine/3.1.8/junit-jupiter-engine-3.1.8.jar (48 kB at 698 kB/s)
[INFO] Downloading from central: https://repo.maven.apache.org/maven2/org/junit/platform/junit-platform-engine/3.1.5/junit-platform-engine-3.1.5.pom
[INFO] Downloaded from central: https://repo.maven.apache.org/maven2/org/junit/platform/junit-platform-engine/3.1.5/junit-platform-engine-3.1.5.pom (92 kB at 501 kB/s)
[INFO] Downloading from central: https://repo.maven.apache.org/maven2/org/opentest4j/opentest4j/3.1.2/opentest4j-3.1.2.jar
[INFO] Downloaded from central: https://repo.maven.apache.org/maven2/org/opentest4j/opentest4j/3.1.2/opentest4j-3.1.2.jar (12 kB at 55 kB/s)
[INFO] Downloading from central: https://repo.maven.apache.org/maven2/org/apiguardian/apiguardian-api/3.1.9/apiguardian-api-3.1.9.pom
[INFO] Downloaded from central: https://repo.maven.apache.org/maven2/org/apiguardian/apiguardian-api/3.1.9/apiguardian-api-3.1.9.pom (92 kB at 843 kB/s)
[INFO] Downloading from central: https://repo.maven.apache.org/maven2/org/mockito/mockito-core/3.1.6/mockito-core-3.1.6.jar
[INFO] Downloaded from central: https://repo.maven.apache.org/maven2/org/mockito/mockito-core/3.1.6/mockito-core-3.1.6.jar (3.2 MB at 128 kB/s)
[INFO] Downloading from central: https://repo.maven.apache.org/maven2/net/bytebuddy/byte-buddy/3.1.3/byte-buddy-3.1.3.pom
[INFO] Downloaded from central: https://repo.maven.apache.org/maven2/net/bytebuddy/byte-buddy/3.1.3/byte-buddy-3.1.3.pom (230 kB at 334 kB/s)
[INFO] Downloading from central: https://repo.maven.apache.org/maven2/org/objenesis/objenesis/3.1.0/objenesis-3.1.0.jar
[INFO] Downloaded from central: https://repo.maven.apache.org/maven2/org/objenesis/objenesis/3.1.0/objenesis-3.1.0.jar (230 kB at 255 kB/s)
[INFO] Downloading from central: https://repo.maven.apache.org/maven2/org/hibernate/validator/hibernate-validator/3.1.7/hibernate-validator-3.1.7.pom
[INFO] Downloaded from central: https://repo.maven.apache.org/maven2/org/hibernate/validator/hibernate-validator/3.1.7/hibernate-validator-3.1.7.pom (1.4 MB at 775 kB/s)
[INFO] Downloading from central: https://repo.maven.apache.org/maven2/javax/validation/validation-api/3.1.4/validation-api-3.1.4.jar
[INFO] Downloaded from central: https://repo.maven.apache.org/maven2/javax/validation/validation-api/3.1.4/validation-api-3.1.4.jar (1.4 MB at 623 kB/s)
[INFO] Downloading from central: https://repo.maven.apache.org/maven2/com/zaxxer/HikariCP/3.1.1/HikariCP-3.1.1.pom
[INFO] Downloaded from central: https://repo.maven.apache.org/maven2/com/zaxxer/HikariCP/3.1.1/HikariCP-3.1.1.pom (3.2 MB at 367 kB/s)
[INFO] Downloading from central: https://repo.maven.apache.org/maven2/org/postgresql/postgresql/3.1.8/postgresql-3.1.8.jar
[INFO] Downloaded from central: https://repo.maven.apache.org/maven2/org/postgresql/postgresql/3.1.8/postgresql-3.1.8.jar (5.1 kB at 439 kB/s)
[INFO] Downloading from central: https://repo.maven.apache.org/maven2/org/flywaydb/flyway-core/3.1.5/flyway-core-3.1.5.pom
[INFO] Downloaded from central: https://repo.maven.apache.org/maven2/org/flywaydb/flyway-core/3.1.5/flyway-core-3.1.5.pom (230 kB at 608 kB/s)
[INFO] Downloading from central: https://repo.maven.apache.org/maven2/org/jboss/logging/jboss-logging/3.1.2/jboss-logging-3.1.2.jar
[INFO] Downloaded from central: https://repo.maven.apache.org/maven2/org/jboss/logging/jboss-logging/3.1.2/jboss-logging-3.1.2.jar (12 kB at 385 kB/s)
[INFO] Downloading from central: https://repo.maven.apache.org/maven2/org/yaml/snakeyaml/3.1.9/snakeyaml-3.1.9.pom
[INFO] Downloaded from central: https://repo.maven.apache.org/maven2/org/yaml/snakeyaml/3.1.9/snakeyaml-3.1.9.pom (611 B at 850 kB/s)
[INFO] Downloading from central: https://repo.maven.apache.org/maven2/org/apache/maven/plugins/maven-resources-plugin/3.2.6/maven-resources-plugin-3.2.6.jar
[INFO] Downloaded from central: https://repo.maven.apache.org/maven2/org/apache/maven/plugins/maven-resources-plugin/3.2.6/maven-resources-plugin-3.2.6.jar (1.4 MB at 345 kB/s)
[INFO] Downloading from central: https://repo.maven.apache.org/maven2/org/apache/maven/plugins/maven-compiler-plugin/3.2.3/maven-compiler-plugin-3.2.3.pom
[INFO] Downloaded from central: https://repo.maven.apache.org/maven2/org/apache/maven/plugins/maven-compiler-plugin/3.2.3/maven-compiler-plugin-3.2.3.pom (230 kB at 711 kB/s)
[INFO] Downloading from central: https://repo.maven.apache.org/maven2/org/apache/maven/plugins/maven-surefire-plugin/3.2.0/maven-surefire-plugin-3.2.0.jar
[INFO] Downloaded from central: https://repo.maven.apache.org/maven2/org/apache/maven/plugins/maven-surefire-plugin/3.2.0/maven-surefire-plugin-3.2.0.jar (12 kB at 783 kB/s)
[INFO] Downloading from central: https://repo.maven.apache.org/maven2/org/apache/maven/plugins/maven-jar-plugin/3.2.7/maven-jar-plugin-3.2.7.pom
[INFO] Downloaded from central: https://repo.maven.apache.org/maven2/org/apache/maven/plugins/maven-jar-plugin/3.2.7/maven-jar-plugin-3.2.7.pom (611 B at 316 kB/s)
[INFO] Downloading from central: https://repo.maven.apache.org/maven2/org/apache/maven/plugins/maven-install-plugin/3.2.4/maven-install-plugin-3.2.4.jar
[INFO] Downloaded from central: https://repo.maven.apache.org/maven2/org/apache/maven/plugins/maven-install-plugin/3.2.4/maven-install-plugin-3.2.4.jar (92 kB at 793 kB/s)
[INFO] Downloading from central: https://repo.maven.apache.org/maven2/org/apache/maven/plugins/maven-clean-plugin/3.2.1/maven-clean-plugin-3.2.1.pom
[INFO] Downloaded from central: https://repo.maven.apache.org/maven2/org/apache/maven/plugins/maven-clean-plugin/3.2.1/maven-clean-plugin-3.2.1.pom (92 kB at 175 kB/s)
[INFO] Downloading from central: https://repo.maven.apache.org/maven2/org/apache/maven/surefire/surefire-junit-platform/3.2.8/surefire-junit-platform-3.2.8.jar
[INFO] Downloaded from central: https://repo.maven.apache.org/maven2/org/apache/maven/surefire/surefire-junit-platform/3.2.8/surefire-junit-platform-3.2.8.jar (5.1 kB at 145 kB/s)
[INFO] Downloading from central: https://repo.maven.apache.org/maven2/org/apache/maven/surefire/surefire-api/3.2.5/surefire-api-3.2.5.pom
[INFO] Downloaded from central: https://repo.maven.apache.org/maven2/org/apache/maven/surefire/surefire-api/3.2.5/surefire-api-3.2.5.pom (1.4 MB at 752 kB/s)
[INFO] Downloading from central: https://repo.maven.apache.org/maven2/org/apache/maven/surefire/maven-surefire-common/3.2.2/maven-surefire-common-3.2.2.jar
[INFO] Downloaded from central: https://repo.maven.apache.org/maven2/org/apache/maven/surefire/maven-surefire-common/3.2.2/maven-surefire-common-3.2.2.jar (12 kB at 764 kB/s)
[INFO] Downloading from central: https://repo.maven.apache.org/maven2/org/apache/maven/surefire/surefire-booter/3.2.9/surefire-booter-3.2.9.pom
[INFO] Downloaded from central: https://repo.maven.apache.org/maven2/org/apache/maven/surefire/surefire-booter/3.2.9/surefire-booter-3.2.9.pom (12 kB at 93 kB/s)
[INFO] Downloading from central: https://repo.maven.apache.org/maven2/com/google/guava/guava/3.2.6/guava-3.2.6.jar
[INFO] Downloaded from central: https://repo.maven.apache.org/maven2/com/google/guava/guava/3.2.6/guava-3.2.6.jar (611 B at 841 kB/s)
[INFO] Downloading from central: https://repo.maven.apache.org/maven2/com/google/errorprone/error_prone_annotations/3.2.3/error_prone_annotations-3.2.3.pom
[INFO] Downloaded from central: https://repo.maven.apache.org/maven2/com/google/errorprone/error_prone_annotations/3.2.3/error_prone_annotations-3.2.3.pom (1.4 MB at 747 kB/s)
[INFO] Downloading from central: https://repo.maven.apache.org/maven2/com/google/code/findbugs/jsr305/3.2.0/jsr305-3.2.0.jar
[INFO] Downloaded from central: https://repo.maven.apache.org/maven2/com/google/code/findbugs/jsr305/3.2.0/jsr305-3.2.0.jar (12 kB at 348 kB/s)
[INFO] Downloading from central: https://repo.maven.apache.org/maven2/org/checkerframework/checker-qual/3.2.7/checker-qual-3.2.7.pom
[INFO] Downloaded from central: https://repo.maven.apache.org/maven2/org/checkerframework/checker-qual/3.2.7/checker-qual-3.2.7.pom (1.4 MB at 358 kB/s)
[INFO] Downloading from central: https://repo.maven.apache.org/maven2/com/google/j2objc/j2objc-annotations/3.2.4/j2objc-annotations-3.2.4.jar
[INFO] Downloaded from central: https://repo.maven.apache.org/maven2/com/google/j2objc/j2objc-annotations/3.2.4/j2objc-annotations-3.2.4.jar (12 kB at 172 kB/s)
[INFO] Downloading from central: https://repo.maven.apache.org/maven2/org/slf4j/slf4j-api/3.2.1/slf4j-api-3.2.1.pom
[INFO] Downloaded from central: https://repo.maven.apache.org/maven2/org/slf4j/slf4j-api/3.2.1/slf4j-api-3.2.1.pom (48 kB at 353 kB/s)
[INFO] Downloading from central: https://repo.maven.apache.org/maven2/org/slf4j/jul-to-slf4j/3.2.8/jul-to-slf4j-3.2.8.jar
[INFO] Downloaded from central: https://repo.maven.apache.org/maven2/org/slf4j/jul-to-slf4j/3.2.8/jul-to-slf4j-3.2.8.jar (230 kB at 781 kB/s)
[INFO] Downloading from central: https://repo.maven.apache.org/maven2/ch/qos/logback/logback-classic/3.2.5/logback-classic-3.2.5.pom
[INFO] Downloaded from central: https://repo.maven.apache.org/maven2/ch/qos/logback/logback-classic/3.2.5/logback-classic-3.2.5.pom (1.4 MB at 365 kB/s)
[INFO] Downloading from central: https://repo.maven.apache.org/maven2/ch/qos/logback/logback-core/3.2.2/logback-core-3.2.2.jar
[INFO] Downloaded from central: https://repo.maven.apache.org/maven2/ch/qos/logback/logback-core/3.2.2/logback-core-3.2.2.jar (611 B at 54 kB/s)
[INFO] Downloading from central: https://repo.maven.apache.org/maven2/com/fasterxml/jackson/core/jackson-databind/3.2.9/jackson-databind-3.2.9.pom
[INFO] Downloaded from central: https://repo.maven.apache.org/maven2/com/fasterxml/jackson/core/jackson-databind/3.2.9/jackson-databind-3.2.9.pom (12 kB at 390 kB/s)
[INFO] Downloading from central: https://repo.maven.apache.org/maven2/com/fasterxml/jackson/core/jackson-core/3.2.6/jackson-core-3.2.6.jar
[INFO] Downloaded from central: https://repo.maven.apache.org/maven2/com/fasterxml/jackson/core/jackson-core/3.2.6/jackson-core-3.2.6.jar (48 kB at 657 kB/s)
[INFO] Downloading from central: https://repo.maven.apache.org/maven2/com/fasterxml/jackson/core/jackson-annotations/3.2.3/jackson-annotations-3.2.3.pom
[INFO] Downloaded from central: https://repo.maven.apache.org/maven2/com/fasterxml/jackson/core/jackson-annotations/3.2.3/jackson-annotations-3.2.3.pom (92 kB at 410 kB/s)
[INFO] Downloading from central: https://repo.maven.apache.org/maven2/com/fasterxml/jackson/datatype/jackson-datatype-jsr310/3.2.0/jackson-datatype-jsr310-3.2.0.jar
[INFO] Downloaded from central: https://repo.maven.apache.org/maven2/com/fasterxml/jackson/datatype/jackson-datatype-jsr310/3.2.0/jackson-datatype-jsr310-3.2.0.jar (48 kB at 762 kB/s)
[INFO] Downloading from central: https://repo.maven.apache.org/maven2/org/apache/commons/commons-lang3/3.2.7/commons-lang3-3.2.7.pom
[INFO] Downloaded from central: https://repo.maven.apache.org/maven2/org/apache/commons/commons-lang3/3.2.7/commons-lang3-3.2.7.pom (5.1 kB at 149 kB/s)
[INFO] Downloading from central: https://repo.maven.apache.org/maven2/commons-io/commons-io/3.2.4/commons-io-3.2.4.jar
[INFO] Downloaded from central: https://repo.maven.apache.org/maven2/commons-io/commons-io/3.2.4/commons-io-3.2.4.jar (48 kB at 660 kB/s)
[INFO] Downloading from central: https://repo.maven.apache.org/maven2/commons-codec/commons-codec/3.2.1/commons-codec-3.2.1.pom
[INFO] Downloaded from central: https://repo.maven.apache.org/maven2/commons-codec/commons-codec/3.2.1/commons-codec-3.2.1.pom (230 kB at 749 kB/s)
[INFO] Downloading from central: https://repo.maven.apache.org/maven2/org/apache/commons/commons-collections4/3.2.8/commons-collections4-3.2.8.jar
[INFO] Downloaded from central: https://repo.maven.apache.org/maven2/org/apache/commons/commons-collections4/3.2.8/commons-collections4-3.2.8.jar (12 kB at 780 kB/s)
[INFO] Downloading from central: https://repo.maven.apache.org/maven2/org/codehaus/plexus/plexus-utils/3.2.5/plexus-utils-3.2.5.pom
[INFO] Downloaded from central: https://repo.maven.apache.org/maven2/org/codehaus/plexus/plexus-utils/3.2.5/plexus-utils-3.2.5.pom (92 kB at 868 kB/s)
[INFO] Downloading from central: https://repo.maven.apache.org/maven2/org/codehaus/plexus/plexus-interpolation/3.2.2/plexus-interpolation-3.2.2.jar
[INFO] Downloaded from central: https://repo.maven.apache.org/maven2/org/codehaus/plexus/plexus-interpolation/3.2.2/plexus-interpolation-3.2.2.jar (611 B at 691 kB/s)
[INFO] Downloading from central: https://repo.maven.apache.org/maven2/org/codehaus/plexus/plexus-compiler-api/3.2.9/plexus-compiler-api-3.2.9.pom
[INFO] Downloaded from central: https://repo.maven.apache.org/maven2/org/codehaus/plexus/plexus-compiler-api/3.2.9/plexus-compiler-api-3.2.9.pom (92 kB at 89 kB/s)
[INFO] Downloading from central: https://repo.maven.apache.org/maven2/junit/junit/3.2.6/junit-3.2.6.jar
[INFO] Downloaded from central: https://repo.maven.apache.org/maven2/junit/junit/3.2.6/junit-3.2.6.jar (1.4 MB at 71 kB/s)
[INFO] Downloading from central: https://repo.maven.apache.org/maven2/org/hamcrest/hamcrest-core/3.2.3/hamcrest-core-3.2.3.pom
[INFO] Downloaded from central: https://repo.maven.apache.org/maven2/org/hamcrest/hamcrest-core/3.2.3/hamcrest-core-3.2.3.pom (3.2 MB at 653 kB/s)
[INFO] Downloading from central: https://repo.maven.apache.org/maven2/org/junit/jupiter/junit-jupiter-api/3.2.0/junit-jupiter-api-3.2.0.jar
[INFO] Downloaded from central: https://repo.maven.apache.org/maven2/org/junit/jupiter/junit-jupiter-api/3.2.0/junit-jupiter-api-3.2.0.jar (12 kB at 427 kB/s)
[INFO] Downloading from central: https://repo.maven.apache.org/maven2/org/junit/jupiter/junit-jupiter-engine/3.2.7/junit-jupiter-engine-3.2.7.pom
[INFO] Downloaded from central: https://repo.maven.apache.org/maven2/org/junit/jupiter/junit-jupiter-engine/3.2.7/junit-jupiter-engine-3.2.7.pom (5.1 kB at 226 kB/s)
[INFO] Downloading from central: https://repo.maven.apache.org/maven2/org/junit/platform/junit-platform-engine/3.2.4/junit-platform-engine-3.2.4.jar
[INFO] Downloaded from central: https://repo.maven.apache.org/maven2/org/junit/platform/junit-platform-engine/3.2.4/junit-platform-engine-3.2.4.jar (611 B at 589 kB/s)
[INFO] Downloading from central: https://repo.maven.apache.org/maven2/org/opentest4j/opentest4j/3.2.1/opentest4j-3.2.1.pom
[INFO] Downloaded from central: https://repo.maven.apache.org/maven2/org/opentest4j/opentest4j/3.2.1/opentest4j-3.2.1.pom (12 kB at 545 kB/s)
[INFO] Downloading from central: https://repo.maven.apache.org/maven2/org/apiguardian/apiguardian-api/3.2.8/apiguardian-api-3.2.8.jar
[INFO] Downloaded from central: https://repo.maven.apache.org/maven2/org/apiguardian/apiguardian-api/3.2.8/apiguardian-api-3.2.8.jar (48 kB at 49 kB/s)
[INFO] Downloading from central: https://repo.maven.apache.org/maven2/org/mockito/mockito-core/3.2.5/mockito-core-3.2.5.pom
[INFO] Downloaded from central: https://repo.maven.apache.org/maven2/org/mockito/mockito-core/3.2.5/mockito-core-3.2.5.pom (12 kB at 302 kB/s)
[INFO] Downloading from central: https://repo.maven.apache.org/maven2/net/bytebuddy/byte-buddy/3.2.2/byte-buddy-3.2.2.jar
[INFO] Downloaded from central: https://repo.maven.apache.org/maven2/net/bytebuddy/byte-buddy/3.2.2/byte-buddy-3.2.2.jar (1.4 MB at 891 kB/s)
[INFO] Downloading from central: https://repo.maven.apache.org/maven2/org/objenesis/objenesis/3.2.9/objenesis-3.2.9.pom
[INFO] Downloaded from central: https://repo.maven.apache.org/maven2/org/objenesis/objenesis/3.2.9/objenesis-3.2.9.pom (230 kB at 445 kB/s)
[INFO] Downloading from central: https://repo.maven.apache.org/maven2/org/hibernate/validator/hibernate-validator/3.2.6/hibernate-validator-3.2.6.jar
[INFO] Downloaded from central: https://repo.maven.apache.org/maven2/org/hibernate/validator/hibernate-validator/3.2.6/hibernate-validator-3.2.6.jar (611 B at 630 kB/s)
[INFO] Downloading from central: https://repo.maven.apache.org/maven2/javax/validation/validation-api/3.2.3/validation-api-3.2.3.pom
[INFO] Downloaded from central: https://repo.maven.apache.org/maven2/javax/validation/validation-api/3.2.3/validation-api-3.2.3.pom (3.2 MB at 639 kB/s)
[INFO] 
[INFO] --- maven-resources-plugin:3.1.0:resources (default-resources) @ ledger-core ---
[INFO] Using 'UTF-8' encoding to copy filtered resources.
[INFO] Copying 6 resources
[INFO] 
[INFO] --- maven-compiler-plugin:3.8.0:compile (default-compile) @ ledger-core ---
[INFO] Changes detected - recompiling the module!
[INFO] Compiling 214 source files to /home/travis/build/tidewater/ledger-core/target/classes
[WARNING] /home/travis/build/tidewater/ledger-core/src/main/java/io/tidewater/ledger/legacy/XmlExporter.java: Some input files use or override a deprecated API.
[WARNING] /home/travis/build/tidewater/ledger-core/src/main/java/io/tidewater/ledger/legacy/XmlExporter.java: Recompile with -Xlint:deprecation for details.
[INFO] -------------------------------------------------------------
[ERROR] COMPILATION ERROR : 
[INFO] -------------------------------------------------------------
[ERROR] /home/travis/build/tidewater/ledger-core/src/main/java/io/tidewater/ledger/posting/PostingEngine.java:[88,37] cannot find symbol
  symbol:   method withCurrency(java.util.Currency)
  location: class io.tidewater.ledger.model.Money
[ERROR] /home/travis/build/tidewater/ledger-core/src/main/java/io/tidewater/ledger/posting/PostingEngine.java:[104,21] incompatible types: java.lang.String cannot be converted to io.tidewater.ledger.model.AccountId
[INFO] 2 errors 
[INFO] -------------------------------------------------------------
[INFO] ------------------------------------------------------------------------
[INFO] Reactor Summary for ledger 2.7.0-SNAPSHOT:
[INFO] 
[INFO] ledger-api ........................................ SUCCESS [  9.114 s]
[INFO] ledger-core ....................................... FAILURE [ 14.382 s]
[INFO] ledger-server ..................................... SKIPPED
[INFO] ------------------------------------------------------------------------
[INFO] BUILD FAILURE
[INFO] ------------------------------------------------------------------------
[INFO] Total time:  01:12 min
[INFO] Finished at: 2019-03-01T08:57:41Z
[INFO] ------------------------------------------------------------------------
[ERROR] Failed to execute goal org.apache.maven.plugins:maven-compiler-plugin:3.8.0:compile (default-compile) on project ledger-core: Compilation failure: Compilation failure: 
[ERROR] /home/travis/build/tidewater/ledger-core/src/main/java/io/tidewater/ledger/posting/PostingEngine.java:[88,37] cannot find symbol
[ERROR]   symbol:   method withCurrency(java.util.Currency)
[ERROR]   location: class io.tidewater.ledger.model.Money
[ERROR] /home/travis/build/tidewater/ledger-core/src/main/java/io/tidewater/ledger/posting/PostingEngine.java:[104,21] incompatible types: java.lang.String cannot be converted to io.tidewater.ledger.model.AccountId
[ERROR] -> [Help 1]
[ERROR] 
[ERROR] To see the full stack trace of the errors, re-run Maven with the -e switch.
[ERROR] Re-run Maven using the -X switch to enable full debug logging.
[ERROR] 
[ERROR] For more information about the errors and possible solutions, please read the following articles:
[ERROR] [Help 1] http://cwiki.apache.org/confluence/display/MAVEN/MojoFailureException
[ERROR] 
[ERROR] After correcting the problems, you can resume the build with the command
[ERROR]   mvn <goals> -rf :ledger-core
travis_time:end:36d0f7d5:start=1551430504100000000,finish=1551430576100000000,duration=72000000000[0Ktravis_fold:end:install[0K[0K[31;1mThe command "mvn install -DskipTests=true -Dmaven.javadoc.skip=true -B -V" failed and exited with 1 during [0m.

Your build has been stopped.
